CREATE DATABASE  IF NOT EXISTS `pokedex` /*!40100 DEFAULT CHARACTER SET utf8mb4 COLLATE utf8mb4_0900_ai_ci */ /*!80016 DEFAULT ENCRYPTION='N' */;
USE `pokedex`;
-- MySQL dump 10.13  Distrib 8.0.42, for Win64 (x86_64)
--
-- Host: 127.0.0.1    Database: pokedex
-- ------------------------------------------------------
-- Server version	9.3.0

/*!40101 SET @OLD_CHARACTER_SET_CLIENT=@@CHARACTER_SET_CLIENT */;
/*!40101 SET @OLD_CHARACTER_SET_RESULTS=@@CHARACTER_SET_RESULTS */;
/*!40101 SET @OLD_COLLATION_CONNECTION=@@COLLATION_CONNECTION */;
/*!50503 SET NAMES utf8 */;
/*!40103 SET @OLD_TIME_ZONE=@@TIME_ZONE */;
/*!40103 SET TIME_ZONE='+00:00' */;
/*!40014 SET @OLD_UNIQUE_CHECKS=@@UNIQUE_CHECKS, UNIQUE_CHECKS=0 */;
/*!40014 SET @OLD_FOREIGN_KEY_CHECKS=@@FOREIGN_KEY_CHECKS, FOREIGN_KEY_CHECKS=0 */;
/*!40101 SET @OLD_SQL_MODE=@@SQL_MODE, SQL_MODE='NO_AUTO_VALUE_ON_ZERO' */;
/*!40111 SET @OLD_SQL_NOTES=@@SQL_NOTES, SQL_NOTES=0 */;

--
-- Table structure for table `attacks`
--

DROP TABLE IF EXISTS `attacks`;
/*!40101 SET @saved_cs_client     = @@character_set_client */;
/*!50503 SET character_set_client = utf8mb4 */;
CREATE TABLE `attacks` (
  `aID` int NOT NULL AUTO_INCREMENT,
  `attack_name` varchar(50) NOT NULL,
  `type` varchar(10) NOT NULL,
  `category` varchar(20) DEFAULT NULL,
  `power` int DEFAULT NULL,
  `accuracy` int DEFAULT NULL,
  `PP` int DEFAULT NULL,
  `effect` varchar(100) NOT NULL,
  `tm` bit(1) DEFAULT NULL,
  PRIMARY KEY (`aID`),
  CONSTRAINT `attacks_chk_1` CHECK (((`power` >= 0) and (`accuracy` >= 0) and (`PP` >= 0)))
) ENGINE=InnoDB AUTO_INCREMENT=97 DEFAULT CHARSET=utf8mb4 COLLATE=utf8mb4_0900_ai_ci;
/*!40101 SET character_set_client = @saved_cs_client */;

--
-- Dumping data for table `attacks`
--

LOCK TABLES `attacks` WRITE;
/*!40000 ALTER TABLE `attacks` DISABLE KEYS */;
INSERT INTO `attacks` VALUES (1,'Absorb','Grass','special',20,100,25,'User recovers half the HP inflicted on opponent.',_binary '\0'),(2,'Acid','Poison','special',40,100,30,'May lower opponent\'s Special Defense.',_binary '\0'),(3,'Aurora Beam','Ice','special',65,100,20,'May lower opponent\'s Attack.',_binary '\0'),(4,'Barrage','Normal','physical',15,85,20,'Hits 2-5 times in one turn.',_binary '\0'),(5,'Bind','Normal','physical',15,85,20,'Traps opponent, damaging them for 4-5 turns.',_binary '\0'),(6,'Bite','Dark','physical',60,100,25,'May cause flinching.',_binary '\0'),(7,'Blizzard','Ice','special',110,70,5,'May freeze opponent.',_binary ''),(8,'Body Slam','Normal','physical',85,100,15,'May paralyze opponent.',_binary ''),(9,'Bone Club','Ground','physical',65,85,20,'May cause flinching.',_binary '\0'),(10,'Bonemerang','Ground','physical',50,90,10,'Hits twice in one turn.',_binary '\0'),(11,'Bubble','Water','special',40,100,30,'May lower opponent\'s Speed.',_binary '\0'),(12,'Bubble Beam','Water','special',65,100,20,'May lower opponent\'s Speed.',_binary '\0'),(13,'Clamp','Water','physical',35,85,15,'Traps opponent, damaging them for 4-5 turns.',_binary '\0'),(14,'Comet Punch','Normal','physical',18,85,15,'Hits 2-5 times in one turn.',_binary '\0'),(15,'Confusion','Psychic','special',50,100,25,'May confuse opponent.',_binary '\0'),(16,'Constrict','Normal','physical',10,100,35,'May lower opponent\'s Speed by one stage.',_binary '\0'),(17,'Crabhammer','Water','physical',100,90,10,'High critical hit ratio.',_binary '\0'),(18,'Cut','Normal','physical',50,95,30,'',_binary '\0'),(19,'Dig','Ground','physical',80,100,10,'Digs underground on first turn, attacks on second. Can also escape from caves.',_binary ''),(20,'Dizzy Punch','Normal','physical',70,100,10,'May confuse opponent.',_binary '\0'),(21,'Double Kick','Fighting','physical',30,100,30,'Hits twice in one turn.',_binary '\0'),(22,'Double Slap','Normal','physical',15,85,10,'Hits 2-5 times in one turn.',_binary '\0'),(23,'Double-Edge','Normal','physical',120,100,15,'User receives recoil damage.',_binary ''),(24,'Dream Eater','Psychic','special',100,100,15,'User recovers half the HP inflicted on a sleeping opponent.',_binary ''),(25,'Drill Peck','Flying','physical',80,100,20,'',_binary '\0'),(26,'Earthquake','Ground','physical',100,100,10,'Power is doubled if opponent is underground from using Dig.',_binary ''),(27,'Egg Bomb','Normal','physical',100,75,10,'',_binary ''),(28,'Ember','Fire','special',40,100,25,'May burn opponent.',_binary '\0'),(29,'Explosion','Normal','physical',250,100,5,'User faints.',_binary ''),(30,'Fire Blast','Fire','special',110,85,5,'May burn opponent.',_binary ''),(31,'Fire Punch','Fire','physical',75,100,15,'May burn opponent.',_binary '\0'),(32,'Fire Spin','Fire','special',35,85,15,'Traps opponent, damaging them for 4-5 turns.',_binary '\0'),(33,'Flamethrower','Fire','special',90,100,15,'May burn opponent.',_binary '\0'),(34,'Fly','Flying','physical',90,95,15,'Flies up on first turn, attacks on second turn.',_binary '\0'),(35,'Fury Attack','Normal','physical',15,85,20,'Hits 2-5 times in one turn.',_binary '\0'),(36,'Fury Swipes','Normal','physical',18,80,15,'Hits 2-5 times in one turn.',_binary '\0'),(37,'Gust','Flying','special',40,100,35,'Hits Pokemon using Fly/Bounce/Sky Drop with double power.',_binary '\0'),(38,'Headbutt','Normal','physical',70,100,15,'May cause flinching.',_binary '\0'),(39,'High Jump Kick','Fighting','physical',130,90,10,'If it misses, the user loses half their HP.',_binary '\0'),(40,'Horn Attack','Normal','physical',65,100,25,'',_binary '\0'),(41,'Hydro Pump','Water','special',110,80,5,'',_binary '\0'),(42,'Hyper Beam','Normal','special',150,90,5,'User must recharge next turn.',_binary ''),(43,'Hyper Fang','Normal','physical',80,90,15,'May cause flinching.',_binary '\0'),(44,'Ice Beam','Ice','special',90,100,10,'May freeze opponent.',_binary ''),(45,'Ice Punch','Ice','physical',75,100,15,'May freeze opponent.',_binary '\0'),(46,'Jump Kick','Fighting','physical',100,95,10,'If it misses, the user loses half their HP.',_binary '\0'),(47,'Karate Chop','Fighting','physical',50,100,25,'High critical hit ratio.',_binary '\0'),(48,'Leech Life','Bug','physical',80,100,10,'User recovers half the HP inflicted on opponent.',_binary '\0'),(49,'Lick','Ghost','physical',30,100,30,'May paralyze opponent.',_binary '\0'),(50,'Mega Drain','Grass','special',40,100,15,'User recovers half the HP inflicted on opponent.',_binary ''),(51,'Mega Kick','Normal','physical',120,75,5,'',_binary ''),(52,'Mega Punch','Normal','physical',80,85,20,'',_binary ''),(53,'Pay Day','Normal','physical',40,100,20,'Money is earned after the battle.',_binary ''),(54,'Peck','Flying','physical',35,100,35,'',_binary '\0'),(55,'Petal Dance','Grass','special',120,100,10,'User attacks for 2-3 turns but then becomes confused.',_binary '\0'),(56,'Pin Missile','Bug','physical',25,95,20,'Hits 2-5 times in one turn.',_binary '\0'),(57,'Poison Sting','Poison','physical',15,100,35,'May poison the opponent.',_binary '\0'),(58,'Pound','Normal','physical',40,100,35,'',_binary '\0'),(59,'Psybeam','Psychic','special',65,100,20,'May confuse opponent.',_binary '\0'),(60,'Psychic','Psychic','special',90,100,10,'May lower opponent\'s Special Defense.',_binary ''),(61,'Quick Attack','Normal','physical',40,100,30,'User attacks first.',_binary '\0'),(62,'Rage','Normal','physical',20,100,20,'Raises user\'s Attack when hit.',_binary ''),(63,'Razor Leaf','Grass','physical',55,95,25,'High critical hit ratio.',_binary '\0'),(64,'Razor Wind','Normal','special',80,100,10,'Charges on first turn, attacks on second. High critical hit ratio.',_binary ''),(65,'Rock Slide','Rock','physical',75,90,10,'May cause flinching.',_binary ''),(66,'Rock Throw','Rock','physical',50,90,15,'',_binary '\0'),(67,'Rolling Kick','Fighting','physical',60,85,15,'May cause flinching.',_binary '\0'),(68,'Scratch','Normal','physical',40,100,35,'',_binary '\0'),(69,'Self-Destruct','Normal','physical',200,100,5,'User faints.',_binary '\0'),(70,'Skull Bash','Normal','physical',130,100,10,'Raises Defense on first turn, attacks on second.',_binary ''),(71,'Sky Attack','Flying','physical',140,90,5,'Charges on first turn, attacks on second. May cause flinching. High critical hit ratio.',_binary ''),(72,'Slam','Normal','physical',80,75,20,'',_binary '\0'),(73,'Slash','Normal','physical',70,100,20,'High critical hit ratio.',_binary '\0'),(74,'Sludge','Poison','special',65,100,20,'May poison opponent.',_binary '\0'),(75,'Smog','Poison','special',30,70,20,'May poison opponent.',_binary '\0'),(76,'Solar Beam','Grass','special',120,100,10,'Charges on first turn, attacks on second.',_binary '\0'),(77,'Spike Cannon','Normal','physical',20,100,15,'Hits 2-5 times in one turn.',_binary '\0'),(78,'Stomp','Normal','physical',65,100,20,'May cause flinching.',_binary '\0'),(79,'Strength','Normal','physical',80,100,15,'',_binary '\0'),(80,'Submission','Fighting','physical',80,80,20,'User receives recoil damage.',_binary ''),(81,'Surf','Water','special',90,100,15,'Hits all adjacent Pokï¿½mon.',_binary '\0'),(82,'Tackle','Normal','physical',40,100,35,'',_binary '\0'),(83,'Take Down','Normal','physical',90,85,20,'User receives recoil damage.',_binary ''),(84,'Thrash','Normal','physical',120,100,10,'User attacks for 2-3 turns but then becomes confused.',_binary '\0'),(85,'Thunder','Electric','special',110,70,10,'May paralyze opponent.',_binary ''),(86,'Thunder Punch','Electric','physical',75,100,15,'May paralyze opponent.',_binary '\0'),(87,'Thunder Shock','Electric','special',40,100,30,'May paralyze opponent.',_binary '\0'),(88,'Thunderbolt','Electric','special',90,100,15,'May paralyze opponent.',_binary ''),(89,'Tri Attack','Normal','special',80,100,10,'May paralyze, burn or freeze opponent.',_binary ''),(90,'Twineedle','Bug','physical',25,100,20,'Hits twice in one turn. May poison opponent.',_binary '\0'),(91,'Vine Whip','Grass','physical',45,100,25,'',_binary '\0'),(92,'Vise Grip','Normal','physical',55,100,30,'',_binary '\0'),(93,'Water Gun','Water','special',40,100,25,'',_binary ''),(94,'Waterfall','Water','physical',80,100,15,'May cause flinching.',_binary '\0'),(95,'Wing Attack','Flying','physical',60,100,35,'',_binary '\0'),(96,'Wrap','Normal','physical',15,90,20,'Traps opponent, damaging them for 4-5 turns.',_binary '\0');
/*!40000 ALTER TABLE `attacks` ENABLE KEYS */;
UNLOCK TABLES;

--
-- Table structure for table `currentattacks`
--

DROP TABLE IF EXISTS `currentattacks`;
/*!40101 SET @saved_cs_client     = @@character_set_client */;
/*!50503 SET character_set_client = utf8mb4 */;
CREATE TABLE `currentattacks` (
  `instanceID` int NOT NULL,
  `aID` int NOT NULL,
  PRIMARY KEY (`instanceID`,`aID`),
  CONSTRAINT `currentattacks_ibfk_1` FOREIGN KEY (`instanceID`) REFERENCES `mypokemon` (`instanceID`)
) ENGINE=InnoDB DEFAULT CHARSET=utf8mb4 COLLATE=utf8mb4_0900_ai_ci;
/*!40101 SET character_set_client = @saved_cs_client */;

--
-- Dumping data for table `currentattacks`
--

LOCK TABLES `currentattacks` WRITE;
/*!40000 ALTER TABLE `currentattacks` DISABLE KEYS */;
INSERT INTO `currentattacks` VALUES (1,6),(1,8),(1,18),(1,19),(3,6),(4,6),(4,7),(5,6),(5,7),(5,8),(6,6),(6,7),(6,8),(7,6),(7,7),(7,8),(7,11),(8,82),(12,15),(13,15),(13,24),(14,57),(16,57),(18,18),(18,35),(18,38),(20,18),(20,35),(20,38),(20,42),(21,34),(21,37),(21,38),(21,61),(25,34),(26,34),(27,34),(28,6),(29,34),(29,37),(30,34),(30,37),(31,6),(31,7),(32,6),(32,7),(33,34),(33,37),(33,38),(34,6),(34,7),(34,8),(35,6),(35,7),(35,8),(36,25),(36,34),(36,35),(37,6),(37,7),(37,8),(37,12),(38,6),(38,7),(38,8),(38,12),(39,25),(39,34),(39,35),(39,38),(40,25),(40,34),(40,35),(40,38),(46,25),(47,25),(48,2),(49,2),(50,8),(51,25),(51,34),(52,2),(52,5),(53,2),(53,5),(54,8),(54,19),(55,8),(55,19),(56,2),(56,5),(56,6),(57,2),(57,5),(57,6),(58,8),(58,19),(58,21),(59,8),(59,19),(59,38),(60,8),(60,18),(60,19),(61,2),(61,5),(61,6),(61,8),(62,8),(62,19),(62,21),(62,38),(63,8),(63,19),(63,38),(63,42),(64,8),(64,18),(64,19),(64,26),(65,8),(65,18),(65,19),(65,26),(73,8),(74,8),(75,8),(77,6),(78,6),(79,8),(79,18),(80,8),(80,18),(82,6),(82,7),(83,6),(83,7),(85,8),(85,18),(85,19),(87,6),(87,7),(87,8),(88,6),(88,7),(88,8),(90,7),(90,8),(90,12),(91,7),(91,8),(91,12),(93,6),(93,7),(93,8),(93,12),(94,6),(94,7),(94,8),(94,12),(96,7),(96,8),(96,12),(96,18),(97,7),(97,8),(97,12),(97,18),(98,7),(98,8),(98,12),(98,19),(106,6),(108,7),(109,7),(110,7),(111,7),(112,8),(114,7),(114,8),(115,7),(115,8),(116,7),(116,8),(117,7),(117,8),(118,8),(118,19),(119,8),(119,19),(120,7),(120,8),(121,7),(121,8),(121,12),(122,7),(122,8),(122,12),(123,7),(123,8),(123,12),(124,7),(124,8),(124,12),(125,8),(125,19),(125,28),(126,8),(126,19),(126,24),(127,7),(127,8),(127,12),(128,7),(128,8),(128,12),(129,7),(129,8),(129,12),(129,18),(130,7),(130,8),(130,12),(130,19),(131,7),(131,8),(131,12),(131,19),(132,8),(132,19),(132,28),(132,30),(133,8),(133,19),(133,24),(133,28),(134,7),(134,8),(134,12),(134,19),(135,7),(135,8),(135,12),(135,19),(136,1),(136,6),(136,34),(136,37),(145,7),(146,8),(147,8),(148,7),(149,7),(150,1),(151,1),(152,1),(153,1),(154,8),(154,19),(155,8),(155,19),(156,7),(156,8),(157,7),(157,8),(158,1),(158,6),(159,1),(159,6),(160,1),(160,2),(161,1),(161,2),(162,1),(162,2),(163,8),(163,19),(163,24),(164,7),(164,8),(164,12),(165,7),(165,8),(165,12),(166,1),(166,6),(166,34),(167,1),(167,6),(167,34),(168,1),(168,2),(168,18),(169,1),(169,2),(169,18),(170,1),(170,2),(170,8),(171,1),(171,8),(171,18),(172,7),(172,8),(172,12),(172,19),(173,7),(173,8),(173,12),(173,19),(174,1),(174,6),(174,34),(174,37),(175,1),(175,6),(175,34),(175,37),(176,1),(176,2),(176,18),(176,38),(177,1),(177,2),(177,18),(177,38),(178,1),(178,2),(178,8),(178,18),(179,1),(179,8),(179,18),(179,19),(180,1),(180,8),(180,18),(180,19),(191,1),(192,1),(193,1),(194,1),(195,1),(196,1),(197,1),(198,15),(199,15),(200,8),(201,1),(201,6),(202,1),(202,2),(203,1),(203,2),(204,1),(204,2),(205,1),(205,8),(206,1),(206,8),(207,15),(207,38),(208,15),(208,24),(209,8),(209,18),(210,8),(210,18),(211,1),(211,2),(211,18),(212,1),(212,2),(212,18),(213,1),(213,2),(213,8),(214,1),(214,8),(214,18),(215,1),(215,8),(215,18),(216,15),(216,38),(216,48),(217,15),(217,24),(217,37),(218,8),(218,18),(218,19),(219,8),(219,18),(219,19),(220,6),(220,8),(220,12),(221,1),(221,2),(221,18),(221,38),(222,1),(222,2),(222,8),(222,18),(223,1),(223,8),(223,18),(223,19),(224,1),(224,8),(224,18),(224,19),(225,15),(225,38),(225,48),(225,50),(226,15),(226,24),(226,37),(226,38),(227,8),(227,18),(227,19),(227,26),(228,8),(228,18),(228,19),(228,26),(229,6),(229,8),(229,12),(229,18),(230,6),(230,8),(230,12),(230,18),(231,7),(231,8),(231,11),(231,12),(243,1),(244,1),(245,15),(246,15),(247,8),(248,8),(249,6),(250,6),(251,7),(252,7),(253,8),(254,1),(254,8),(255,15),(255,38),(256,15),(256,24),(257,8),(257,18),(258,8),(258,18),(259,6),(259,8),(260,6),(260,8),(261,7),(261,8),(262,7),(262,8),(263,8),(263,19),(264,8),(264,19),(265,15),(265,38),(265,48),(266,15),(266,24),(266,37),(267,8),(267,18),(267,19),(268,8),(268,18),(268,19),(269,6),(269,8),(269,12),(270,6),(270,8),(270,12),(271,7),(271,8),(271,11),(272,7),(272,8),(272,11),(273,8),(273,19),(273,26),(274,8),(274,19),(274,26),(275,6),(275,8),(275,19),(276,6),(276,8),(276,19),(277,15),(277,24),(277,37),(277,38),(278,8),(278,18),(278,19),(278,26),(279,8),(279,18),(279,19),(279,26),(280,6),(280,8),(280,12),(280,18),(281,6),(281,8),(281,12),(281,18),(282,7),(282,8),(282,11),(282,12),(283,7),(283,8),(283,11),(283,12),(284,8),(284,19),(284,26),(284,31),(285,8),(285,19),(285,26),(285,31),(286,6),(286,8),(286,19),(286,21),(287,6),(287,8),(287,19),(287,28),(288,7),(288,8),(288,11),(288,12),(301,8),(302,6),(303,6),(304,7),(305,7),(306,8),(307,8),(308,6),(309,6),(310,7),(311,7),(312,7),(313,6),(313,8),(314,6),(314,8),(315,7),(315,8),(316,7),(316,8),(317,8),(317,19),(318,8),(318,19),(319,6),(319,8),(320,6),(320,8),(321,7),(321,8),(322,7),(322,8),(323,7),(323,8),(324,8),(324,15),(325,8),(325,15),(326,6),(326,8),(326,12),(327,7),(327,8),(327,11),(328,7),(328,8),(328,11),(329,8),(329,19),(329,26),(330,8),(330,19),(330,26),(331,6),(331,8),(331,19),(332,6),(332,8),(332,19),(333,7),(333,8),(333,11),(334,7),(334,8),(334,11),(335,7),(335,8),(335,11),(336,8),(336,15),(336,24),(337,8),(337,15),(337,19),(338,8),(338,15),(338,19),(339,7),(339,8),(339,11),(339,12),(340,7),(340,8),(340,11),(340,12),(341,8),(341,19),(341,26),(341,31),(342,8),(342,19),(342,26),(342,31),(343,6),(343,8),(343,19),(343,21),(344,6),(344,8),(344,19),(344,28),(345,7),(345,8),(345,11),(345,12),(346,7),(346,8),(346,11),(346,12),(347,7),(347,8),(347,11),(347,12),(348,8),(348,15),(348,24),(348,31),(349,8),(349,15),(349,19),(349,24),(350,8),(350,15),(350,19),(350,24),(351,8),(351,19),(351,26),(351,30),(365,8),(366,8),(367,6),(368,6),(369,7),(370,7),(371,7),(372,8),(373,8),(374,8),(375,8),(376,8),(377,8),(378,2),(379,8),(379,19),(380,6),(380,8),(381,6),(381,8),(382,7),(382,8),(383,7),(383,8),(384,7),(384,8),(385,8),(385,15),(386,8),(386,15),(387,8),(387,15),(388,8),(388,19),(389,8),(389,19),(390,8),(390,19),(391,2),(391,5),(392,2),(392,5),(393,6),(393,8),(393,19),(394,6),(394,8),(394,19),(395,7),(395,8),(395,11),(396,7),(396,8),(396,11),(397,7),(397,8),(397,11),(398,8),(398,15),(398,24),(399,8),(399,15),(399,19),(400,8),(400,15),(400,19),(401,8),(401,19),(401,26),(402,8),(402,19),(402,26),(403,8),(403,19),(403,26),(404,2),(404,5),(404,18),(405,2),(405,5),(405,8),(406,2),(406,5),(406,8),(407,6),(407,8),(407,19),(407,28),(408,7),(408,8),(408,11),(408,12),(409,7),(409,8),(409,11),(409,12),(410,7),(410,8),(410,11),(410,12),(411,8),(411,15),(411,24),(411,31),(412,8),(412,15),(412,19),(412,24),(413,8),(413,15),(413,19),(413,24),(414,8),(414,19),(414,26),(414,30),(415,8),(415,19),(415,26),(415,30),(416,8),(416,19),(416,26),(416,30),(417,2),(417,5),(417,18),(417,38),(418,2),(418,5),(418,8),(418,18),(419,2),(419,5),(419,8),(419,18),(420,2),(420,3),(420,5),(420,7),(436,7),(437,7),(438,8),(439,8),(440,8),(441,8),(442,8),(443,8),(444,2),(445,2),(446,2),(447,2),(448,2),(449,8),(450,8),(451,7),(451,8),(452,8),(452,15),(453,8),(453,15),(454,8),(454,15),(455,8),(455,19),(456,8),(456,19),(457,8),(457,19),(458,2),(458,5),(459,2),(459,5),(460,2),(460,5),(461,2),(461,3),(462,2),(462,3),(463,8),(463,19),(464,8),(464,19),(465,8),(465,19),(466,8),(466,15),(466,24),(467,8),(467,15),(467,19),(468,8),(468,15),(468,19),(469,8),(469,19),(469,26),(470,8),(470,19),(470,26),(471,8),(471,19),(471,26),(472,2),(472,5),(472,18),(473,2),(473,5),(473,8),(474,2),(474,5),(474,8),(475,2),(475,3),(475,5),(476,2),(476,3),(476,5),(477,8),(477,19),(477,26),(478,8),(478,19),(478,26),(479,8),(479,19),(479,26),(480,8),(480,21),(480,28),(481,8),(481,15),(481,19),(481,24),(482,8),(482,15),(482,19),(482,24),(483,8),(483,19),(483,26),(483,30),(484,8),(484,19),(484,26),(484,30),(485,8),(485,19),(485,26),(485,30),(486,2),(486,5),(486,18),(486,38),(487,2),(487,5),(487,8),(487,18),(488,2),(488,5),(488,8),(488,18),(489,2),(489,3),(489,5),(489,7),(490,2),(490,3),(490,5),(490,7),(491,8),(491,19),(491,26),(491,29),(492,8),(492,19),(492,26),(492,29),(493,8),(493,19),(493,26),(493,29),(494,8),(494,21),(494,28),(494,30),(495,8),(495,21),(495,28),(495,30),(496,7),(496,8),(496,12),(496,15),(513,8),(514,8),(515,8),(516,2),(517,2),(518,2),(519,2),(520,2),(521,8),(522,8),(523,8),(524,8),(525,8),(526,7),(527,7),(528,29),(529,8),(529,19),(530,8),(530,19),(531,2),(531,5),(532,2),(532,5),(533,2),(533,5),(534,2),(534,3),(535,2),(535,3),(536,8),(536,19),(537,8),(537,19),(538,8),(538,19),(539,8),(539,21),(540,8),(540,21),(541,7),(541,8),(542,7),(542,8),(543,29),(543,38),(544,29),(544,38),(545,8),(545,19),(545,26),(546,2),(546,5),(546,18),(547,2),(547,5),(547,8),(548,2),(548,5),(548,8),(549,2),(549,3),(549,5),(550,2),(550,3),(550,5),(551,8),(551,19),(551,26),(552,8),(552,19),(552,26),(553,8),(553,19),(553,26),(554,8),(554,21),(554,28),(555,8),(555,21),(555,28),(556,7),(556,8),(556,12),(557,7),(557,8),(557,12),(558,29),(558,38),(558,62),(559,29),(559,38),(559,42),(561,8),(561,25),(561,34),(562,2),(562,5),(562,18),(562,38),(563,2),(563,5),(563,8),(563,18),(564,2),(564,5),(564,8),(564,18),(565,2),(565,3),(565,5),(565,7),(566,2),(566,3),(566,5),(566,7),(567,8),(567,19),(567,26),(567,29),(568,8),(568,19),(568,26),(568,29),(569,8),(569,19),(569,26),(569,29),(570,8),(570,21),(570,28),(570,30),(571,8),(571,21),(571,28),(571,30),(572,7),(572,8),(572,12),(572,15),(573,7),(573,8),(573,12),(573,15),(574,29),(574,38),(574,62),(574,82),(575,29),(575,38),(575,42),(575,62),(577,8),(577,25),(577,34),(577,35),(578,8),(578,25),(578,34),(578,35),(596,2),(597,2),(598,2),(599,8),(600,8),(601,8),(602,8),(603,8),(604,7),(605,7),(606,29),(607,29),(609,8),(610,8),(611,3),(612,3),(613,2),(613,3),(614,2),(614,3),(615,8),(615,19),(616,8),(616,19),(617,8),(617,19),(618,8),(618,21),(619,8),(619,21),(620,7),(620,8),(621,7),(621,8),(622,29),(622,38),(623,29),(623,38),(625,8),(625,25),(626,8),(626,25),(627,3),(627,7),(628,3),(628,7),(629,8),(629,19),(630,8),(630,19),(631,2),(631,3),(631,5),(632,8),(632,19),(632,26),(633,8),(633,19),(633,26),(634,8),(634,19),(634,26),(635,8),(635,21),(635,28),(636,8),(636,21),(636,28),(637,7),(637,8),(637,12),(638,7),(638,8),(638,12),(639,29),(639,38),(639,62),(640,29),(640,38),(640,42),(642,8),(642,25),(642,34),(643,8),(643,25),(643,34),(644,3),(644,7),(644,8),(645,3),(645,7),(645,8),(646,8),(646,19),(646,29),(647,8),(647,19),(647,29),(648,3),(648,7),(648,12),(649,8),(649,19),(649,26),(649,29),(650,8),(650,19),(650,26),(650,29),(651,8),(651,19),(651,26),(651,29),(652,8),(652,21),(652,28),(652,30),(653,8),(653,21),(653,28),(653,30),(654,7),(654,8),(654,12),(654,15),(655,7),(655,8),(655,12),(655,15),(656,29),(656,38),(656,62),(656,82),(657,29),(657,38),(657,42),(657,62),(659,8),(659,25),(659,34),(659,35),(660,8),(660,25),(660,34),(660,35),(661,3),(661,7),(661,8),(661,12),(662,3),(662,7),(662,8),(662,12),(663,8),(663,19),(663,29),(663,30),(664,8),(664,19),(664,29),(664,30),(665,3),(665,7),(665,12),(665,13),(666,3),(666,7),(666,8),(666,12),(685,8),(686,8),(687,8),(688,7),(689,7),(690,29),(691,29),(693,8),(694,8),(695,3),(696,3),(697,8),(698,8),(699,3),(700,3),(701,24),(702,24),(703,8),(704,8),(704,21),(705,8),(705,21),(706,7),(706,8),(707,7),(707,8),(708,29),(708,38),(709,29),(709,38),(711,8),(711,25),(712,8),(712,25),(713,3),(713,7),(714,3),(714,7),(715,8),(715,19),(716,8),(716,19),(717,3),(717,7),(718,3),(718,7),(719,24),(719,29),(720,24),(720,29),(721,8),(721,24),(722,5),(722,8),(723,8),(723,21),(723,28),(724,7),(724,8),(724,12),(725,7),(725,8),(725,12),(726,29),(726,38),(726,62),(727,29),(727,38),(727,42),(729,8),(729,25),(729,34),(730,8),(730,25),(730,34),(731,3),(731,7),(731,8),(732,3),(732,7),(732,8),(733,8),(733,19),(733,29),(734,8),(734,19),(734,29),(735,3),(735,7),(735,12),(736,3),(736,7),(736,8),(737,24),(737,29),(737,31),(738,24),(738,29),(738,31),(739,8),(739,24),(739,29),(740,5),(740,8),(740,19),(741,8),(741,15),(741,24),(742,7),(742,8),(742,12),(742,15),(743,7),(743,8),(743,12),(743,15),(744,29),(744,38),(744,62),(744,82),(745,29),(745,38),(745,42),(745,62),(747,8),(747,25),(747,34),(747,35),(748,8),(748,25),(748,34),(748,35),(749,3),(749,7),(749,8),(749,12),(750,3),(750,7),(750,8),(750,12),(751,8),(751,19),(751,29),(751,30),(752,8),(752,19),(752,29),(752,30),(753,3),(753,7),(753,12),(753,13),(754,3),(754,7),(754,8),(754,12),(755,24),(755,29),(755,31),(755,38),(756,24),(756,29),(756,31),(756,38),(757,8),(757,24),(757,29),(757,31),(758,5),(758,8),(758,19),(758,26),(759,8),(759,15),(759,24),(759,31),(760,8),(760,15),(760,24),(760,31),(781,29),(782,29),(784,8),(785,8),(786,3),(787,3),(788,8),(789,8),(790,3),(791,3),(792,24),(793,24),(794,8),(795,5),(796,8),(797,8),(798,7),(799,7),(800,29),(801,29),(801,38),(803,8),(803,25),(804,8),(804,25),(805,3),(805,7),(806,3),(806,7),(807,8),(807,19),(808,8),(808,19),(809,3),(809,7),(810,3),(810,7),(811,24),(811,29),(812,24),(812,29),(813,8),(813,24),(814,5),(814,8),(815,8),(815,15),(816,8),(816,15),(817,7),(817,8),(818,7),(818,8),(819,29),(819,38),(820,29),(820,38),(822,8),(822,25),(822,34),(823,8),(823,25),(823,34),(824,3),(824,7),(824,8),(825,3),(825,7),(825,8),(826,8),(826,19),(826,29),(827,8),(827,19),(827,29),(828,3),(828,7),(828,12),(829,3),(829,7),(829,8),(830,24),(830,29),(830,31),(831,24),(831,29),(831,31),(832,8),(832,24),(832,29),(833,5),(833,8),(833,19),(834,8),(834,15),(834,24),(835,8),(835,15),(835,24),(836,7),(836,8),(836,11),(837,7),(837,8),(837,11),(838,29),(838,38),(838,62),(839,29),(839,38),(839,42),(840,1),(840,4),(840,15),(841,8),(841,25),(841,34),(841,35),(842,8),(842,25),(842,34),(842,35),(843,3),(843,7),(843,8),(843,12),(844,3),(844,7),(844,8),(844,12),(845,8),(845,19),(845,29),(845,30),(846,8),(846,19),(846,29),(846,30),(847,3),(847,7),(847,12),(847,13),(848,3),(848,7),(848,8),(848,12),(849,24),(849,29),(849,31),(849,38),(850,24),(850,29),(850,31),(850,38),(851,8),(851,24),(851,29),(851,31),(852,5),(852,8),(852,19),(852,26),(853,8),(853,15),(853,24),(853,31),(854,8),(854,15),(854,24),(854,31),(855,7),(855,8),(855,11),(855,12),(856,7),(856,8),(856,11),(856,12),(857,29),(857,38),(857,62),(857,82),(858,29),(858,38),(858,42),(858,62),(859,1),(859,4),(859,15),(859,24),(860,1),(860,4),(860,8),(860,15),(861,7),(861,8),(861,9),(861,10),(883,3),(884,3),(885,8),(886,8),(887,3),(888,3),(889,24),(890,24),(891,8),(892,5),(893,8),(894,8),(895,7),(896,7),(897,29),(898,29),(899,1),(900,1),(901,7),(902,7),(903,8),(904,3),(904,7),(905,8),(905,19),(906,8),(906,19),(907,3),(907,7),(908,3),(908,7),(909,24),(909,29),(910,24),(910,29),(911,8),(911,24),(912,5),(912,8),(913,8),(913,15),(914,8),(914,15),(915,7),(915,8),(916,7),(916,8),(917,29),(917,38),(918,29),(918,38),(919,1),(919,4),(920,1),(920,4),(921,7),(921,8),(922,7),(922,8),(923,8),(923,21),(924,8),(924,14),(925,8),(925,19),(925,29),(926,8),(926,19),(926,29),(927,3),(927,7),(927,12),(928,3),(928,7),(928,8),(929,24),(929,29),(929,31),(930,24),(930,29),(930,31),(931,8),(931,24),(931,29),(932,5),(932,8),(932,19),(933,8),(933,15),(933,24),(934,8),(934,15),(934,24),(935,7),(935,8),(935,11),(936,7),(936,8),(936,11),(937,29),(937,38),(937,62),(938,29),(938,38),(938,42),(939,1),(939,4),(939,15),(940,1),(940,4),(940,8),(941,7),(941,8),(941,9),(942,7),(942,8),(942,9),(943,8),(943,21),(943,26),(944,8),(944,14),(944,20),(945,2),(945,5),(945,7),(946,8),(946,29),(946,30),(947,8),(947,19),(947,29),(947,30),(948,3),(948,7),(948,12),(948,13),(949,3),(949,7),(949,8),(949,12),(950,24),(950,29),(950,31),(950,38),(951,24),(951,29),(951,31),(951,38),(952,8),(952,24),(952,29),(952,31),(953,5),(953,8),(953,19),(953,26),(954,8),(954,15),(954,24),(954,31),(955,8),(955,15),(955,24),(955,31),(956,7),(956,8),(956,11),(956,12),(957,7),(957,8),(957,11),(957,12),(958,29),(958,38),(958,62),(958,82),(959,29),(959,38),(959,42),(959,62),(960,1),(960,4),(960,15),(960,24),(961,1),(961,4),(961,8),(961,15),(962,7),(962,8),(962,9),(962,10),(963,7),(963,8),(963,9),(963,10),(964,8),(964,21),(964,26),(964,38),(965,8),(965,14),(965,20),(965,26),(966,2),(966,5),(966,7),(966,8),(967,8),(967,29),(967,30),(967,33),(968,8),(968,29),(968,30),(968,33),(991,3),(992,24),(993,24),(994,8),(995,5),(996,8),(997,8),(998,7),(999,7),(1000,29),(1001,29),(1002,1),(1003,1),(1004,7),(1005,7),(1006,8),(1007,8),(1008,2),(1009,8),(1010,8),(1011,7),(1012,7),(1013,24),(1013,29),(1014,24),(1014,29),(1015,8),(1015,24),(1016,5),(1016,8),(1017,8),(1017,15),(1018,8),(1018,15),(1019,7),(1019,8),(1020,7),(1020,8),(1021,29),(1021,38),(1022,29),(1022,38),(1023,1),(1023,4),(1024,1),(1024,4),(1025,7),(1025,8),(1026,7),(1026,8),(1027,8),(1027,21),(1028,8),(1028,14),(1029,2),(1029,5),(1030,8),(1030,29),(1031,8),(1031,29),(1032,7),(1032,8),(1033,7),(1033,8),(1034,7),(1034,8),(1035,1),(1035,5),(1036,24),(1036,29),(1036,31),(1037,8),(1037,24),(1037,29),(1038,5),(1038,8),(1038,19),(1039,8),(1039,15),(1039,24),(1040,8),(1040,15),(1040,24),(1041,7),(1041,8),(1041,11),(1042,7),(1042,8),(1042,11),(1043,29),(1043,38),(1043,62),(1044,29),(1044,38),(1044,42),(1045,1),(1045,4),(1045,15),(1046,1),(1046,4),(1046,8),(1047,7),(1047,8),(1047,9),(1048,7),(1048,8),(1048,9),(1049,8),(1049,21),(1049,26),(1050,8),(1050,14),(1050,20),(1051,2),(1051,5),(1051,7),(1052,8),(1052,29),(1052,30),(1053,8),(1053,29),(1053,30),(1054,7),(1054,8),(1054,19),(1055,7),(1055,8),(1055,12),(1056,7),(1056,8),(1056,12),(1057,1),(1057,5),(1057,8),(1058,6),(1058,7),(1058,8),(1059,8),(1059,24),(1059,29),(1059,31),(1060,5),(1060,8),(1060,19),(1060,26),(1061,8),(1061,15),(1061,24),(1061,31),(1062,8),(1062,15),(1062,24),(1062,31),(1063,7),(1063,8),(1063,11),(1063,12),(1064,7),(1064,8),(1064,11),(1064,12),(1065,29),(1065,38),(1065,62),(1065,82),(1066,29),(1066,38),(1066,42),(1066,62),(1067,1),(1067,4),(1067,15),(1067,24),(1068,1),(1068,4),(1068,8),(1068,15),(1069,7),(1069,8),(1069,9),(1069,10),(1070,7),(1070,8),(1070,9),(1070,10),(1071,8),(1071,21),(1071,26),(1071,38),(1072,8),(1072,14),(1072,20),(1072,26),(1073,2),(1073,5),(1073,7),(1073,8),(1074,8),(1074,29),(1074,30),(1074,33),(1075,8),(1075,29),(1075,30),(1075,33),(1076,7),(1076,8),(1076,19),(1076,26),(1077,7),(1077,8),(1077,12),(1077,18),(1078,7),(1078,8),(1078,12),(1078,22),(1079,1),(1079,5),(1079,8),(1079,15),(1080,6),(1080,7),(1080,8),(1080,12),(1081,3),(1081,7),(1081,11),(1081,12),(1105,8),(1106,8),(1107,7),(1108,7),(1109,29),(1110,29),(1111,1),(1112,1),(1113,7),(1114,7),(1115,8),(1116,8),(1117,2),(1118,8),(1119,8),(1120,7),(1121,7),(1122,7),(1123,1),(1124,6),(1125,3),(1126,3),(1127,7),(1128,7),(1129,8),(1129,15),(1130,7),(1130,8),(1131,7),(1131,8),(1132,29),(1132,38),(1133,29),(1133,38),(1134,1),(1134,4),(1135,1),(1135,4),(1136,7),(1136,8),(1137,7),(1137,8),(1138,8),(1138,21),(1139,8),(1139,14),(1140,2),(1140,5),(1141,8),(1141,29),(1142,8),(1142,29),(1143,7),(1143,8),(1144,7),(1144,8),(1145,7),(1145,8),(1146,1),(1146,5),(1147,6),(1147,7),(1148,3),(1148,7),(1149,3),(1149,7),(1150,7),(1150,8),(1151,7),(1151,8),(1152,3),(1152,7),(1153,7),(1153,8),(1153,11),(1154,7),(1154,8),(1154,11),(1155,29),(1155,38),(1155,62),(1156,29),(1156,38),(1156,42),(1157,1),(1157,4),(1157,15),(1158,1),(1158,4),(1158,8),(1159,7),(1159,8),(1159,9),(1160,7),(1160,8),(1160,9),(1161,8),(1161,21),(1161,26),(1162,8),(1162,14),(1162,20),(1163,2),(1163,5),(1163,7),(1164,8),(1164,29),(1164,30),(1165,8),(1165,29),(1165,30),(1166,7),(1166,8),(1166,19),(1167,7),(1167,8),(1167,12),(1168,7),(1168,8),(1168,12),(1169,1),(1169,5),(1169,8),(1170,6),(1170,7),(1170,8),(1171,3),(1171,7),(1171,11),(1172,3),(1172,7),(1172,11),(1173,7),(1173,8),(1173,12),(1174,7),(1174,8),(1174,12),(1175,3),(1175,7),(1175,12),(1176,7),(1176,12),(1176,24),(1177,7),(1177,8),(1177,11),(1177,12),(1178,29),(1178,38),(1178,62),(1178,82),(1179,29),(1179,38),(1179,42),(1179,62),(1180,1),(1180,4),(1180,15),(1180,24),(1181,1),(1181,4),(1181,8),(1181,15),(1182,7),(1182,8),(1182,9),(1182,10),(1183,7),(1183,8),(1183,9),(1183,10),(1184,8),(1184,21),(1184,26),(1184,38),(1185,8),(1185,14),(1185,20),(1185,26),(1186,2),(1186,5),(1186,7),(1186,8),(1187,8),(1187,29),(1187,30),(1187,33),(1188,8),(1188,29),(1188,30),(1188,33),(1189,7),(1189,8),(1189,19),(1189,26),(1190,7),(1190,8),(1190,12),(1190,18),(1191,7),(1191,8),(1191,12),(1191,22),(1192,1),(1192,5),(1192,8),(1192,15),(1193,6),(1193,7),(1193,8),(1193,12),(1194,3),(1194,7),(1194,11),(1194,12),(1195,3),(1195,7),(1195,11),(1195,12),(1196,7),(1196,8),(1196,12),(1196,35),(1197,7),(1197,8),(1197,12),(1197,35),(1198,3),(1198,7),(1198,12),(1198,38),(1199,7),(1199,12),(1199,24),(1199,38),(1226,19),(1226,51),(1226,81),(1226,88),(1230,7),(1230,12),(1230,19),(1230,27),(1232,8),(1232,19),(1233,2),(1233,55),(1233,62),(1233,76);
/*!40000 ALTER TABLE `currentattacks` ENABLE KEYS */;
UNLOCK TABLES;
/*!50003 SET @saved_cs_client      = @@character_set_client */ ;
/*!50003 SET @saved_cs_results     = @@character_set_results */ ;
/*!50003 SET @saved_col_connection = @@collation_connection */ ;
/*!50003 SET character_set_client  = utf8mb4 */ ;
/*!50003 SET character_set_results = utf8mb4 */ ;
/*!50003 SET collation_connection  = utf8mb4_0900_ai_ci */ ;
/*!50003 SET @saved_sql_mode       = @@sql_mode */ ;
/*!50003 SET sql_mode              = 'ONLY_FULL_GROUP_BY,STRICT_TRANS_TABLES,NO_ZERO_IN_DATE,NO_ZERO_DATE,ERROR_FOR_DIVISION_BY_ZERO,NO_ENGINE_SUBSTITUTION' */ ;
DELIMITER ;;
/*!50003 CREATE*/ /*!50017 DEFINER=`root`@`localhost`*/ /*!50003 TRIGGER `limit_attacks` BEFORE INSERT ON `currentattacks` FOR EACH ROW BEGIN
	DECLARE atkCount INT;
    SELECT COUNT(aid) INTO atkCount
    FROM CurrentAttacks
	WHERE instanceID = NEW.instanceID
    GROUP BY instanceID;
    
    IF atkCount >= 4 THEN 
		SIGNAL SQLSTATE '45000'
		SET MESSAGE_TEXT = 'Pokemon cannot learn more than 4 moves';
    END IF;
END */;;
DELIMITER ;
/*!50003 SET sql_mode              = @saved_sql_mode */ ;
/*!50003 SET character_set_client  = @saved_cs_client */ ;
/*!50003 SET character_set_results = @saved_cs_results */ ;
/*!50003 SET collation_connection  = @saved_col_connection */ ;

--
-- Table structure for table `evolutions`
--

DROP TABLE IF EXISTS `evolutions`;
/*!40101 SET @saved_cs_client     = @@character_set_client */;
/*!50503 SET character_set_client = utf8mb4 */;
CREATE TABLE `evolutions` (
  `evolvesFrom` int NOT NULL,
  `evolvesInto` int NOT NULL,
  PRIMARY KEY (`evolvesFrom`,`evolvesInto`)
) ENGINE=InnoDB DEFAULT CHARSET=utf8mb4 COLLATE=utf8mb4_0900_ai_ci;
/*!40101 SET character_set_client = @saved_cs_client */;

--
-- Dumping data for table `evolutions`
--

LOCK TABLES `evolutions` WRITE;
/*!40000 ALTER TABLE `evolutions` DISABLE KEYS */;
INSERT INTO `evolutions` VALUES (1,2),(2,3),(4,5),(5,6),(7,8),(8,9),(10,11),(11,12),(13,14),(14,15),(16,17),(17,18),(19,20),(21,22),(23,24),(25,26),(27,28),(29,30),(30,31),(32,33),(33,34),(35,36),(37,38),(39,40),(41,42),(42,169),(43,44),(44,45),(44,182),(46,47),(48,49),(50,51),(52,53),(54,55),(56,57),(58,59),(60,61),(61,62),(61,186),(63,64),(64,65),(66,67),(67,68),(69,70),(70,71),(72,73),(74,75),(75,76),(77,78),(79,80),(79,199),(81,82),(84,85),(86,87),(88,89),(90,91),(92,93),(93,94),(95,208),(96,97),(98,99),(100,101),(102,103),(104,105),(108,463),(109,110),(111,112),(112,464),(113,242),(114,465),(116,117),(117,230),(118,119),(120,121),(123,212),(125,466),(126,467),(129,130),(133,134),(133,135),(133,136),(133,196),(133,197),(133,470),(133,471),(133,700),(137,233),(138,139),(140,141),(147,148),(148,149),(152,153),(155,156),(156,157),(158,159),(159,160),(161,162),(163,164),(165,166),(167,168),(170,171),(172,25),(173,35),(174,39),(175,176),(176,468),(177,178),(179,180),(180,181),(183,184),(187,188),(188,189),(190,424),(191,192),(193,469),(194,195),(198,430),(200,429),(204,205),(207,472),(209,210),(215,461),(216,217),(218,219),(220,221),(221,473),(223,224),(228,229),(231,232),(233,474),(236,106),(236,107),(236,237),(238,124),(239,125),(240,126),(246,247),(247,248),(252,253),(253,254),(255,256),(256,257),(258,259),(259,260),(261,262),(263,264),(265,266),(265,268),(266,267),(268,269),(270,271),(271,272),(273,274),(274,275),(276,277),(278,279),(280,281),(281,282),(281,475),(283,284),(285,286),(287,288),(288,289),(290,291),(290,292),(293,294),(294,295),(296,297),(298,183),(299,476),(300,301),(304,305),(305,306),(307,308),(309,310),(315,407),(316,317),(318,319),(320,321),(322,323),(325,326),(328,329),(329,330),(331,332),(333,334),(339,340),(341,342),(343,344),(345,346),(347,348),(349,350),(353,354),(355,356),(356,477),(360,202),(361,362),(361,478),(363,364),(364,365),(366,367),(366,368),(371,372),(372,373),(374,375),(375,376),(387,388),(388,389),(390,391),(391,392),(393,394),(394,395),(396,397),(397,398),(399,400),(401,402),(403,404),(404,405),(406,315),(408,409),(410,411),(412,413),(412,414),(415,416),(418,419),(420,421),(422,423),(425,426),(427,428),(431,432),(433,358),(434,435),(436,437),(438,185),(439,122),(443,444),(444,445),(446,143),(447,448),(449,450),(451,452),(453,454),(456,457),(458,226),(459,460),(496,497),(497,498),(499,500),(500,501),(502,503),(503,504),(505,506),(507,508),(508,509),(510,511),(512,513),(514,515),(516,517),(518,519),(520,521),(521,522),(523,524),(525,526),(526,527),(528,529),(530,531),(533,534),(534,535),(536,537),(537,538),(541,542),(542,543),(544,545),(545,546),(547,548),(549,550),(552,553),(553,554),(555,556),(558,559),(560,561),(563,564),(565,566),(567,568),(569,570),(571,572),(573,574),(575,576),(576,577),(578,579),(579,580),(581,582),(583,584),(584,585),(586,587),(589,590),(591,592),(593,594),(596,597),(598,599),(600,601),(601,602),(603,604),(604,605),(606,607),(608,609),(609,610),(611,612),(612,613),(614,615),(617,618),(620,621),(623,624),(625,626),(628,629),(630,631),(634,635),(635,636),(637,638),(650,651),(651,652),(653,654),(654,655),(656,657),(657,658),(659,660),(661,662),(662,663),(664,665),(665,666),(667,668),(669,670),(670,671),(672,673),(674,675),(677,678),(679,680),(680,681),(682,683),(684,685),(686,687),(688,689),(690,691),(692,693),(694,695),(696,697),(698,699),(704,705),(705,706),(708,709),(710,711),(712,713),(714,715);
/*!40000 ALTER TABLE `evolutions` ENABLE KEYS */;
UNLOCK TABLES;

--
-- Table structure for table `group_members`
--

DROP TABLE IF EXISTS `group_members`;
/*!40101 SET @saved_cs_client     = @@character_set_client */;
/*!50503 SET character_set_client = utf8mb4 */;
CREATE TABLE `group_members` (
  `id` int NOT NULL AUTO_INCREMENT,
  `first_name` varchar(45) DEFAULT NULL,
  `last_name` varchar(45) DEFAULT NULL,
  `favourite_colour` varchar(45) DEFAULT NULL,
  UNIQUE KEY `id` (`id`)
) ENGINE=InnoDB AUTO_INCREMENT=5 DEFAULT CHARSET=utf8mb4 COLLATE=utf8mb4_0900_ai_ci;
/*!40101 SET character_set_client = @saved_cs_client */;

--
-- Dumping data for table `group_members`
--

LOCK TABLES `group_members` WRITE;
/*!40000 ALTER TABLE `group_members` DISABLE KEYS */;
INSERT INTO `group_members` VALUES (1,'Mya','Kay','pink'),(2,'Jasmine','Yip','red'),(3,'Lola','James','purple'),(4,'Mahdee','Khandokar','black');
/*!40000 ALTER TABLE `group_members` ENABLE KEYS */;
UNLOCK TABLES;

--
-- Table structure for table `learnableattacks`
--

DROP TABLE IF EXISTS `learnableattacks`;
/*!40101 SET @saved_cs_client     = @@character_set_client */;
/*!50503 SET character_set_client = utf8mb4 */;
CREATE TABLE `learnableattacks` (
  `pID` int NOT NULL,
  `aID` int NOT NULL,
  PRIMARY KEY (`pID`,`aID`)
) ENGINE=InnoDB DEFAULT CHARSET=utf8mb4 COLLATE=utf8mb4_0900_ai_ci;
/*!40101 SET character_set_client = @saved_cs_client */;

--
-- Dumping data for table `learnableattacks`
--

LOCK TABLES `learnableattacks` WRITE;
/*!40000 ALTER TABLE `learnableattacks` DISABLE KEYS */;
INSERT INTO `learnableattacks` VALUES (1,5),(1,8),(1,18),(1,38),(1,50),(1,55),(1,62),(1,63),(1,64),(1,70),(1,74),(1,76),(1,79),(1,82),(1,83),(1,91),(2,5),(2,8),(2,18),(2,38),(2,50),(2,55),(2,62),(2,63),(2,76),(2,79),(2,82),(2,83),(2,91),(3,5),(3,8),(3,18),(3,26),(3,38),(3,42),(3,50),(3,55),(3,62),(3,63),(3,76),(3,79),(3,82),(3,83),(3,91),(4,6),(4,8),(4,18),(4,19),(4,28),(4,30),(4,31),(4,32),(4,33),(4,36),(4,38),(4,51),(4,52),(4,62),(4,65),(4,68),(4,70),(4,73),(4,79),(4,80),(4,83),(4,86),(4,95),(5,6),(5,8),(5,18),(5,19),(5,28),(5,30),(5,31),(5,32),(5,33),(5,36),(5,38),(5,51),(5,52),(5,62),(5,65),(5,68),(5,70),(5,73),(5,79),(5,80),(5,83),(5,86),(6,6),(6,8),(6,18),(6,19),(6,26),(6,28),(6,30),(6,31),(6,32),(6,33),(6,34),(6,36),(6,38),(6,42),(6,51),(6,52),(6,62),(6,65),(6,68),(6,70),(6,73),(6,76),(6,79),(6,80),(6,83),(6,86),(6,95),(7,6),(7,7),(7,8),(7,11),(7,12),(7,15),(7,19),(7,38),(7,41),(7,44),(7,45),(7,51),(7,52),(7,62),(7,65),(7,70),(7,79),(7,80),(7,81),(7,82),(7,83),(7,93),(7,94),(8,6),(8,7),(8,8),(8,11),(8,12),(8,19),(8,38),(8,41),(8,44),(8,45),(8,51),(8,52),(8,62),(8,65),(8,70),(8,79),(8,80),(8,81),(8,82),(8,83),(8,93),(8,94),(9,6),(9,7),(9,8),(9,11),(9,12),(9,19),(9,26),(9,38),(9,41),(9,42),(9,44),(9,45),(9,51),(9,52),(9,62),(9,65),(9,70),(9,79),(9,80),(9,81),(9,82),(9,83),(9,93),(9,94),(10,82),(12,15),(12,24),(12,37),(12,38),(12,42),(12,50),(12,59),(12,60),(12,62),(12,64),(12,76),(12,82),(12,83),(13,57),(15,18),(15,35),(15,38),(15,42),(15,50),(15,54),(15,56),(15,57),(15,62),(15,70),(15,76),(15,83),(15,90),(16,34),(16,37),(16,38),(16,61),(16,62),(16,64),(16,71),(16,82),(16,83),(16,95),(17,34),(17,37),(17,38),(17,61),(17,62),(17,64),(17,71),(17,82),(17,83),(17,95),(18,34),(18,37),(18,38),(18,42),(18,61),(18,62),(18,64),(18,71),(18,82),(18,83),(18,95),(19,6),(19,7),(19,8),(19,12),(19,18),(19,19),(19,36),(19,38),(19,43),(19,44),(19,61),(19,62),(19,70),(19,82),(19,83),(19,85),(19,88),(19,93),(20,6),(20,7),(20,8),(20,12),(20,18),(20,19),(20,36),(20,38),(20,42),(20,43),(20,44),(20,61),(20,62),(20,70),(20,79),(20,82),(20,83),(20,85),(20,88),(20,93),(21,25),(21,34),(21,35),(21,38),(21,54),(21,61),(21,62),(21,64),(21,71),(21,83),(21,89),(21,95),(22,25),(22,34),(22,35),(22,38),(22,42),(22,54),(22,61),(22,62),(22,64),(22,71),(22,83),(22,89),(22,95),(23,2),(23,5),(23,6),(23,8),(23,19),(23,26),(23,38),(23,48),(23,50),(23,57),(23,62),(23,65),(23,70),(23,72),(23,79),(23,83),(23,96),(24,2),(24,5),(24,6),(24,8),(24,19),(24,26),(24,38),(24,42),(24,48),(24,50),(24,57),(24,62),(24,65),(24,70),(24,72),(24,79),(24,83),(24,96),(25,8),(25,19),(25,21),(25,38),(25,51),(25,52),(25,53),(25,61),(25,62),(25,70),(25,72),(25,79),(25,80),(25,81),(25,83),(25,85),(25,86),(25,87),(25,88),(26,8),(26,19),(26,38),(26,42),(26,51),(26,52),(26,53),(26,61),(26,62),(26,70),(26,72),(26,79),(26,80),(26,81),(26,83),(26,85),(26,86),(26,87),(26,88),(27,8),(27,18),(27,19),(27,26),(27,36),(27,38),(27,48),(27,57),(27,62),(27,65),(27,68),(27,70),(27,73),(27,79),(27,80),(27,83),(28,8),(28,18),(28,19),(28,26),(28,36),(28,38),(28,42),(28,48),(28,56),(28,57),(28,62),(28,65),(28,68),(28,70),(28,73),(28,79),(28,80),(28,83),(30,6),(30,7),(30,8),(30,12),(30,18),(30,19),(30,21),(30,36),(30,38),(30,44),(30,57),(30,62),(30,68),(30,70),(30,79),(30,82),(30,83),(30,85),(30,88),(30,93),(31,6),(31,7),(31,8),(31,12),(31,18),(31,19),(31,21),(31,26),(31,30),(31,31),(31,33),(31,36),(31,38),(31,42),(31,44),(31,45),(31,51),(31,52),(31,53),(31,57),(31,62),(31,65),(31,68),(31,70),(31,79),(31,80),(31,81),(31,82),(31,83),(31,85),(31,86),(31,88),(31,93),(33,7),(33,8),(33,12),(33,18),(33,19),(33,21),(33,35),(33,38),(33,40),(33,44),(33,54),(33,57),(33,62),(33,70),(33,79),(33,82),(33,83),(33,85),(33,88),(33,93),(34,7),(34,8),(34,12),(34,18),(34,19),(34,21),(34,26),(34,30),(34,31),(34,33),(34,35),(34,38),(34,40),(34,42),(34,44),(34,45),(34,51),(34,52),(34,53),(34,54),(34,57),(34,62),(34,65),(34,70),(34,79),(34,80),(34,81),(34,82),(34,83),(34,84),(34,85),(34,86),(34,88),(34,93),(35,7),(35,8),(35,12),(35,19),(35,22),(35,24),(35,30),(35,31),(35,33),(35,38),(35,44),(35,45),(35,51),(35,52),(35,58),(35,59),(35,60),(35,62),(35,70),(35,76),(35,79),(35,80),(35,82),(35,83),(35,85),(35,86),(35,88),(35,89),(35,93),(36,7),(36,8),(36,12),(36,19),(36,22),(36,24),(36,30),(36,31),(36,33),(36,38),(36,42),(36,44),(36,45),(36,51),(36,52),(36,58),(36,59),(36,60),(36,62),(36,70),(36,76),(36,79),(36,80),(36,82),(36,83),(36,85),(36,86),(36,88),(36,89),(36,93),(37,8),(37,19),(37,28),(37,30),(37,32),(37,33),(37,38),(37,61),(37,62),(37,70),(37,82),(37,83),(38,8),(38,19),(38,24),(38,28),(38,30),(38,32),(38,33),(38,38),(38,42),(38,61),(38,62),(38,70),(38,76),(38,82),(38,83),(39,7),(39,8),(39,12),(39,19),(39,22),(39,24),(39,30),(39,31),(39,33),(39,38),(39,44),(39,45),(39,51),(39,52),(39,58),(39,60),(39,62),(39,70),(39,76),(39,79),(39,80),(39,83),(39,85),(39,86),(39,88),(39,89),(39,93),(40,7),(40,8),(40,12),(40,19),(40,22),(40,24),(40,30),(40,31),(40,33),(40,38),(40,42),(40,44),(40,45),(40,51),(40,52),(40,58),(40,60),(40,62),(40,70),(40,76),(40,79),(40,80),(40,83),(40,85),(40,86),(40,88),(40,89),(40,93),(41,1),(41,6),(41,34),(41,37),(41,38),(41,48),(41,50),(41,61),(41,62),(41,64),(41,83),(41,95),(42,1),(42,6),(42,34),(42,37),(42,38),(42,42),(42,48),(42,50),(42,61),(42,62),(42,64),(42,83),(42,95),(43,1),(43,2),(43,18),(43,38),(43,50),(43,55),(43,62),(43,63),(43,76),(43,83),(44,1),(44,2),(44,18),(44,38),(44,50),(44,55),(44,62),(44,63),(44,76),(44,83),(45,1),(45,2),(45,8),(45,18),(45,38),(45,42),(45,50),(45,55),(45,62),(45,63),(45,76),(45,83),(46,1),(46,8),(46,18),(46,19),(46,36),(46,38),(46,48),(46,50),(46,59),(46,62),(46,68),(46,70),(46,73),(46,76),(46,83),(47,1),(47,8),(47,18),(47,19),(47,36),(47,38),(47,42),(47,48),(47,50),(47,62),(47,68),(47,70),(47,73),(47,76),(47,83),(48,15),(48,38),(48,48),(48,50),(48,59),(48,60),(48,62),(48,76),(48,82),(48,83),(49,15),(49,24),(49,37),(49,38),(49,42),(49,48),(49,50),(49,59),(49,60),(49,62),(49,64),(49,76),(49,82),(49,83),(50,8),(50,18),(50,19),(50,26),(50,36),(50,38),(50,62),(50,65),(50,68),(50,73),(50,83),(51,8),(51,18),(51,19),(51,26),(51,36),(51,38),(51,42),(51,62),(51,65),(51,68),(51,73),(51,83),(51,89),(52,6),(52,8),(52,12),(52,18),(52,19),(52,24),(52,36),(52,38),(52,53),(52,62),(52,68),(52,70),(52,73),(52,83),(52,85),(52,88),(52,93),(53,6),(53,8),(53,12),(53,18),(53,19),(53,24),(53,36),(53,38),(53,42),(53,53),(53,62),(53,68),(53,70),(53,73),(53,83),(53,85),(53,88),(53,93),(54,7),(54,8),(54,11),(54,12),(54,15),(54,19),(54,36),(54,38),(54,41),(54,44),(54,45),(54,51),(54,52),(54,53),(54,59),(54,60),(54,62),(54,68),(54,70),(54,79),(54,80),(54,81),(54,83),(54,93),(54,94),(55,7),(55,8),(55,11),(55,12),(55,15),(55,19),(55,36),(55,38),(55,41),(55,42),(55,44),(55,45),(55,51),(55,52),(55,53),(55,59),(55,60),(55,62),(55,68),(55,70),(55,79),(55,80),(55,81),(55,83),(55,93),(55,94),(56,8),(56,19),(56,26),(56,31),(56,36),(56,38),(56,45),(56,47),(56,51),(56,52),(56,53),(56,62),(56,65),(56,68),(56,70),(56,79),(56,80),(56,83),(56,84),(56,85),(56,86),(56,88),(57,8),(57,19),(57,26),(57,31),(57,36),(57,38),(57,42),(57,45),(57,47),(57,51),(57,52),(57,53),(57,62),(57,65),(57,68),(57,70),(57,79),(57,80),(57,83),(57,84),(57,85),(57,86),(57,88),(58,6),(58,8),(58,19),(58,21),(58,28),(58,30),(58,32),(58,33),(58,38),(58,62),(58,70),(58,79),(58,83),(58,84),(59,6),(59,8),(59,19),(59,28),(59,30),(59,32),(59,33),(59,38),(59,42),(59,62),(59,70),(59,76),(59,79),(59,83),(60,7),(60,8),(60,11),(60,12),(60,19),(60,22),(60,38),(60,41),(60,44),(60,58),(60,60),(60,62),(60,70),(60,81),(60,83),(60,93),(60,94),(61,7),(61,8),(61,11),(61,12),(61,19),(61,22),(61,26),(61,38),(61,41),(61,44),(61,45),(61,51),(61,52),(61,58),(61,60),(61,62),(61,70),(61,79),(61,80),(61,81),(61,83),(61,93),(61,94),(62,7),(62,8),(62,11),(62,12),(62,19),(62,22),(62,26),(62,38),(62,41),(62,42),(62,44),(62,45),(62,51),(62,52),(62,58),(62,60),(62,62),(62,65),(62,70),(62,79),(62,80),(62,81),(62,83),(62,93),(62,94),(63,8),(63,15),(63,24),(63,31),(63,38),(63,45),(63,51),(63,52),(63,60),(63,62),(63,70),(63,80),(63,83),(63,86),(63,89),(64,8),(64,15),(64,19),(64,24),(64,31),(64,38),(64,45),(64,51),(64,52),(64,59),(64,60),(64,62),(64,70),(64,80),(64,83),(64,86),(64,89),(65,8),(65,15),(65,19),(65,24),(65,31),(65,38),(65,42),(65,45),(65,51),(65,52),(65,59),(65,60),(65,62),(65,70),(65,80),(65,83),(65,86),(65,89),(66,8),(66,19),(66,26),(66,30),(66,31),(66,33),(66,38),(66,45),(66,47),(66,51),(66,52),(66,62),(66,65),(66,67),(66,70),(66,79),(66,80),(66,82),(66,83),(66,86),(67,8),(67,19),(67,26),(67,30),(67,31),(67,33),(67,38),(67,45),(67,47),(67,51),(67,52),(67,62),(67,65),(67,70),(67,79),(67,80),(67,82),(67,83),(67,86),(68,8),(68,19),(68,26),(68,30),(68,31),(68,33),(68,38),(68,42),(68,45),(68,47),(68,51),(68,52),(68,62),(68,65),(68,70),(68,79),(68,80),(68,82),(68,83),(68,86),(69,2),(69,5),(69,18),(69,38),(69,48),(69,50),(69,62),(69,63),(69,72),(69,76),(69,83),(69,91),(69,96),(70,2),(70,5),(70,8),(70,18),(70,38),(70,48),(70,50),(70,62),(70,63),(70,72),(70,76),(70,83),(70,91),(70,96),(71,2),(71,5),(71,8),(71,18),(71,38),(71,42),(71,48),(71,50),(71,62),(71,63),(71,72),(71,76),(71,83),(71,91),(71,96),(72,2),(72,3),(72,5),(72,7),(72,11),(72,12),(72,16),(72,18),(72,38),(72,41),(72,44),(72,50),(72,57),(72,62),(72,70),(72,81),(72,83),(72,93),(72,94),(72,96),(73,2),(73,3),(73,5),(73,7),(73,11),(73,12),(73,16),(73,18),(73,38),(73,41),(73,42),(73,44),(73,50),(73,57),(73,62),(73,70),(73,81),(73,83),(73,93),(73,94),(73,96),(74,8),(74,19),(74,26),(74,29),(74,30),(74,31),(74,33),(74,38),(74,52),(74,62),(74,65),(74,66),(74,79),(74,80),(74,82),(74,83),(74,86),(75,8),(75,19),(75,26),(75,29),(75,30),(75,31),(75,33),(75,38),(75,52),(75,62),(75,65),(75,66),(75,79),(75,80),(75,82),(75,83),(75,86),(76,8),(76,19),(76,26),(76,29),(76,30),(76,31),(76,33),(76,38),(76,42),(76,51),(76,52),(76,62),(76,65),(76,66),(76,79),(76,80),(76,82),(76,83),(76,86),(77,8),(77,21),(77,28),(77,30),(77,32),(77,33),(77,38),(77,61),(77,62),(77,70),(77,76),(77,78),(77,79),(77,82),(77,83),(77,84),(78,8),(78,21),(78,28),(78,30),(78,32),(78,33),(78,35),(78,38),(78,42),(78,53),(78,61),(78,62),(78,70),(78,76),(78,78),(78,79),(78,82),(78,83),(79,7),(79,8),(79,12),(79,15),(79,19),(79,24),(79,26),(79,30),(79,33),(79,38),(79,41),(79,44),(79,53),(79,59),(79,60),(79,62),(79,70),(79,78),(79,79),(79,81),(79,82),(79,83),(79,89),(79,93),(79,94),(80,7),(80,8),(80,12),(80,15),(80,19),(80,24),(80,26),(80,30),(80,33),(80,38),(80,41),(80,42),(80,44),(80,45),(80,51),(80,52),(80,53),(80,59),(80,60),(80,62),(80,70),(80,78),(80,79),(80,80),(80,81),(80,82),(80,83),(80,89),(80,93),(80,94),(81,29),(81,38),(81,62),(81,82),(81,83),(81,85),(81,87),(81,88),(82,29),(82,38),(82,42),(82,62),(82,82),(82,83),(82,85),(82,87),(82,88),(82,89),(84,8),(84,25),(84,34),(84,35),(84,38),(84,46),(84,54),(84,61),(84,62),(84,70),(84,71),(84,83),(84,84),(84,89),(84,95),(85,8),(85,25),(85,34),(85,35),(85,38),(85,42),(85,46),(85,54),(85,61),(85,62),(85,70),(85,71),(85,83),(85,84),(85,89),(85,95),(86,3),(86,7),(86,8),(86,12),(86,38),(86,41),(86,44),(86,49),(86,53),(86,54),(86,62),(86,70),(86,72),(86,79),(86,81),(86,83),(86,93),(86,94),(87,3),(87,7),(87,8),(87,12),(87,38),(87,41),(87,42),(87,44),(87,49),(87,53),(87,62),(87,70),(87,79),(87,81),(87,83),(87,93),(87,94),(88,8),(88,19),(88,29),(88,30),(88,31),(88,33),(88,38),(88,45),(88,49),(88,50),(88,58),(88,62),(88,65),(88,74),(88,75),(88,79),(88,83),(88,85),(88,86),(88,88),(89,8),(89,19),(89,29),(89,30),(89,31),(89,33),(89,38),(89,42),(89,45),(89,50),(89,58),(89,62),(89,65),(89,74),(89,75),(89,79),(89,83),(89,85),(89,86),(89,88),(90,3),(90,7),(90,12),(90,13),(90,29),(90,38),(90,41),(90,44),(90,62),(90,81),(90,82),(90,83),(90,89),(90,90),(90,93),(90,94),(91,3),(91,7),(91,8),(91,12),(91,13),(91,29),(91,38),(91,41),(91,42),(91,44),(91,56),(91,62),(91,77),(91,81),(91,82),(91,83),(91,89),(91,90),(91,93),(91,94),(92,24),(92,29),(92,31),(92,38),(92,45),(92,49),(92,50),(92,60),(92,62),(92,75),(92,85),(92,86),(92,88),(93,24),(93,29),(93,31),(93,38),(93,45),(93,49),(93,50),(93,60),(93,62),(93,75),(93,85),(93,86),(93,88),(94,8),(94,24),(94,29),(94,31),(94,38),(94,42),(94,45),(94,49),(94,50),(94,51),(94,52),(94,60),(94,62),(94,70),(94,75),(94,79),(94,80),(94,83),(94,85),(94,86),(94,88),(95,5),(95,8),(95,19),(95,26),(95,29),(95,38),(95,62),(95,65),(95,66),(95,70),(95,72),(95,79),(95,82),(95,83),(96,8),(96,15),(96,24),(96,31),(96,38),(96,45),(96,51),(96,52),(96,58),(96,59),(96,60),(96,62),(96,70),(96,80),(96,83),(96,86),(96,89),(97,8),(97,15),(97,24),(97,31),(97,38),(97,42),(97,45),(97,51),(97,52),(97,58),(97,59),(97,60),(97,62),(97,70),(97,80),(97,83),(97,86),(97,89),(98,7),(98,8),(98,11),(98,12),(98,17),(98,18),(98,19),(98,38),(98,44),(98,62),(98,65),(98,72),(98,73),(98,78),(98,79),(98,81),(98,83),(98,93),(99,7),(99,8),(99,11),(99,12),(99,17),(99,18),(99,19),(99,38),(99,41),(99,42),(99,44),(99,62),(99,65),(99,72),(99,78),(99,79),(99,81),(99,83),(99,93),(100,29),(100,38),(100,62),(100,82),(100,83),(100,85),(100,87),(100,88),(101,29),(101,38),(101,42),(101,62),(101,70),(101,82),(101,83),(101,85),(101,87),(101,88),(102,1),(102,4),(102,15),(102,24),(102,27),(102,29),(102,38),(102,50),(102,59),(102,60),(102,62),(102,76),(102,79),(102,83),(103,1),(103,4),(103,8),(103,15),(103,24),(103,26),(103,27),(103,29),(103,38),(103,42),(103,50),(103,59),(103,60),(103,62),(103,76),(103,78),(103,79),(103,83),(104,7),(104,8),(104,9),(104,10),(104,12),(104,19),(104,21),(104,26),(104,30),(104,31),(104,33),(104,38),(104,44),(104,51),(104,52),(104,62),(104,65),(104,70),(104,79),(104,80),(104,83),(104,84),(104,86),(104,93),(105,7),(105,8),(105,9),(105,10),(105,12),(105,19),(105,26),(105,30),(105,31),(105,33),(105,38),(105,42),(105,44),(105,51),(105,52),(105,62),(105,65),(105,70),(105,79),(105,80),(105,83),(105,84),(105,86),(105,93),(106,8),(106,21),(106,26),(106,38),(106,39),(106,46),(106,51),(106,52),(106,62),(106,65),(106,67),(106,70),(106,79),(106,80),(106,82),(106,83),(107,8),(107,14),(107,20),(107,26),(107,31),(107,38),(107,39),(107,45),(107,51),(107,52),(107,62),(107,65),(107,70),(107,79),(107,80),(107,82),(107,83),(107,86),(108,2),(108,5),(108,7),(108,8),(108,12),(108,18),(108,19),(108,24),(108,26),(108,30),(108,31),(108,33),(108,38),(108,41),(108,42),(108,44),(108,45),(108,49),(108,51),(108,52),(108,62),(108,65),(108,70),(108,72),(108,76),(108,78),(108,79),(108,80),(108,81),(108,82),(108,83),(108,84),(108,85),(108,86),(108,88),(108,93),(108,96),(109,8),(109,29),(109,30),(109,33),(109,38),(109,59),(109,62),(109,74),(109,75),(109,82),(109,83),(109,85),(109,88),(110,8),(110,29),(110,30),(110,33),(110,38),(110,42),(110,59),(110,62),(110,74),(110,75),(110,82),(110,83),(110,85),(110,88),(111,7),(111,8),(111,19),(111,26),(111,30),(111,33),(111,35),(111,38),(111,40),(111,44),(111,62),(111,65),(111,66),(111,70),(111,78),(111,79),(111,82),(111,83),(111,84),(111,85),(111,88),(112,7),(112,8),(112,12),(112,18),(112,19),(112,26),(112,30),(112,31),(112,33),(112,35),(112,38),(112,40),(112,41),(112,42),(112,44),(112,45),(112,51),(112,52),(112,53),(112,62),(112,65),(112,66),(112,70),(112,78),(112,79),(112,80),(112,81),(112,82),(112,83),(112,85),(112,86),(112,88),(112,93),(113,7),(113,8),(113,12),(113,22),(113,24),(113,26),(113,27),(113,30),(113,31),(113,33),(113,38),(113,42),(113,44),(113,45),(113,51),(113,52),(113,58),(113,60),(113,62),(113,65),(113,70),(113,76),(113,79),(113,80),(113,82),(113,83),(113,85),(113,86),(113,88),(113,89),(113,93),(114,1),(114,5),(114,8),(114,15),(114,16),(114,18),(114,38),(114,42),(114,50),(114,62),(114,70),(114,72),(114,76),(114,83),(114,91),(115,6),(115,7),(115,8),(115,12),(115,14),(115,18),(115,19),(115,20),(115,26),(115,30),(115,31),(115,33),(115,38),(115,41),(115,42),(115,44),(115,45),(115,51),(115,52),(115,58),(115,62),(115,65),(115,70),(115,76),(115,78),(115,79),(115,80),(115,81),(115,83),(115,85),(115,86),(115,88),(115,93),(116,3),(116,7),(116,11),(116,12),(116,38),(116,41),(116,44),(116,62),(116,64),(116,70),(116,81),(116,83),(116,93),(116,94),(117,3),(117,7),(117,11),(117,12),(117,38),(117,41),(117,42),(117,44),(117,62),(117,70),(117,81),(117,83),(117,93),(117,94),(118,7),(118,8),(118,12),(118,35),(118,38),(118,40),(118,41),(118,44),(118,54),(118,59),(118,61),(118,62),(118,70),(118,81),(118,83),(118,93),(118,94),(119,7),(119,8),(119,12),(119,35),(119,38),(119,40),(119,41),(119,42),(119,44),(119,54),(119,59),(119,61),(119,62),(119,70),(119,81),(119,83),(119,93),(119,94),(120,3),(120,7),(120,12),(120,38),(120,41),(120,44),(120,59),(120,60),(120,62),(120,70),(120,81),(120,82),(120,83),(120,85),(120,88),(120,89),(120,93),(120,94),(121,7),(121,12),(121,24),(121,38),(121,41),(121,42),(121,44),(121,59),(121,60),(121,62),(121,70),(121,81),(121,82),(121,83),(121,85),(121,88),(121,89),(121,93),(121,94),(123,18),(123,38),(123,42),(123,61),(123,62),(123,64),(123,70),(123,73),(123,83),(123,95),(124,7),(124,8),(124,12),(124,15),(124,22),(124,24),(124,38),(124,42),(124,44),(124,45),(124,49),(124,51),(124,52),(124,58),(124,60),(124,62),(124,70),(124,80),(124,83),(124,84),(124,93),(125,8),(125,31),(125,38),(125,42),(125,45),(125,51),(125,52),(125,60),(125,61),(125,62),(125,70),(125,79),(125,80),(125,83),(125,85),(125,86),(125,87),(125,88),(126,8),(126,28),(126,30),(126,31),(126,32),(126,33),(126,38),(126,42),(126,51),(126,52),(126,60),(126,62),(126,70),(126,75),(126,79),(126,80),(126,82),(126,83),(126,86),(127,5),(127,8),(127,18),(127,19),(127,26),(127,35),(127,38),(127,42),(127,61),(127,62),(127,65),(127,73),(127,79),(127,80),(127,83),(127,84),(128,7),(128,8),(128,19),(128,26),(128,30),(128,33),(128,38),(128,40),(128,42),(128,44),(128,62),(128,65),(128,70),(128,76),(128,78),(128,79),(128,81),(128,82),(128,83),(128,84),(128,85),(128,88),(129,41),(129,82),(130,5),(130,6),(130,7),(130,8),(130,12),(130,26),(130,30),(130,33),(130,38),(130,41),(130,42),(130,44),(130,62),(130,70),(130,79),(130,81),(130,82),(130,83),(130,84),(130,85),(130,88),(130,93),(130,94),(131,3),(131,7),(131,8),(131,12),(131,24),(131,26),(131,38),(131,41),(131,42),(131,44),(131,60),(131,62),(131,70),(131,76),(131,79),(131,81),(131,83),(131,85),(131,88),(131,93),(131,94),(133,6),(133,8),(133,19),(133,21),(133,38),(133,53),(133,61),(133,62),(133,70),(133,82),(133,83),(134,3),(134,6),(134,7),(134,8),(134,11),(134,12),(134,19),(134,21),(134,38),(134,41),(134,42),(134,44),(134,53),(134,61),(134,62),(134,70),(134,79),(134,81),(134,82),(134,83),(134,93),(134,94),(135,6),(135,8),(135,19),(135,21),(135,38),(135,42),(135,53),(135,56),(135,61),(135,62),(135,70),(135,79),(135,82),(135,83),(135,85),(135,87),(135,88),(136,6),(136,8),(136,19),(136,21),(136,28),(136,30),(136,32),(136,33),(136,38),(136,42),(136,53),(136,61),(136,62),(136,70),(136,75),(136,79),(136,82),(136,83),(137,7),(137,24),(137,38),(137,42),(137,44),(137,59),(137,60),(137,62),(137,70),(137,76),(137,82),(137,83),(137,85),(137,87),(137,88),(137,89),(138,3),(138,5),(138,6),(138,7),(138,8),(138,12),(138,16),(138,38),(138,40),(138,41),(138,44),(138,62),(138,65),(138,66),(138,72),(138,77),(138,81),(138,83),(138,93),(138,94),(139,5),(139,6),(139,7),(139,8),(139,12),(139,16),(139,38),(139,40),(139,41),(139,42),(139,44),(139,56),(139,62),(139,65),(139,66),(139,70),(139,77),(139,80),(139,81),(139,83),(139,93),(139,94),(140,1),(140,3),(140,7),(140,8),(140,12),(140,19),(140,38),(140,41),(140,44),(140,48),(140,50),(140,62),(140,65),(140,66),(140,68),(140,73),(140,81),(140,83),(140,93),(140,94),(141,1),(141,7),(141,8),(141,12),(141,18),(141,19),(141,38),(141,41),(141,42),(141,44),(141,48),(141,50),(141,51),(141,62),(141,64),(141,65),(141,66),(141,68),(141,70),(141,73),(141,80),(141,81),(141,83),(141,93),(141,94),(142,6),(142,26),(142,30),(142,33),(142,34),(142,38),(142,42),(142,62),(142,64),(142,65),(142,66),(142,71),(142,79),(142,83),(142,95),(143,6),(143,7),(143,8),(143,12),(143,19),(143,26),(143,30),(143,31),(143,33),(143,38),(143,41),(143,42),(143,44),(143,45),(143,49),(143,51),(143,52),(143,53),(143,60),(143,62),(143,65),(143,70),(143,76),(143,79),(143,80),(143,81),(143,82),(143,83),(143,85),(143,86),(143,88),(143,93),(144,7),(144,12),(144,34),(144,37),(144,38),(144,42),(144,44),(144,54),(144,62),(144,64),(144,71),(144,83),(144,93),(145,25),(145,34),(145,38),(145,42),(145,54),(145,62),(145,64),(145,71),(145,83),(145,85),(145,87),(145,88),(146,28),(146,30),(146,32),(146,33),(146,34),(146,37),(146,38),(146,42),(146,54),(146,62),(146,64),(146,71),(146,76),(146,83),(146,95),(147,5),(147,7),(147,8),(147,12),(147,30),(147,32),(147,33),(147,38),(147,41),(147,42),(147,44),(147,62),(147,70),(147,72),(147,81),(147,83),(147,85),(147,88),(147,93),(147,94),(147,96),(148,5),(148,7),(148,8),(148,12),(148,30),(148,32),(148,33),(148,38),(148,41),(148,42),(148,44),(148,62),(148,70),(148,72),(148,81),(148,83),(148,85),(148,88),(148,93),(148,94),(148,96),(149,5),(149,7),(149,8),(149,12),(149,18),(149,26),(149,30),(149,31),(149,32),(149,33),(149,34),(149,38),(149,41),(149,42),(149,44),(149,45),(149,51),(149,52),(149,62),(149,64),(149,65),(149,70),(149,72),(149,79),(149,81),(149,83),(149,85),(149,86),(149,88),(149,93),(149,94),(149,95),(149,96),(150,7),(150,8),(150,12),(150,15),(150,24),(150,26),(150,30),(150,31),(150,33),(150,38),(150,42),(150,44),(150,45),(150,51),(150,52),(150,53),(150,59),(150,60),(150,62),(150,65),(150,70),(150,76),(150,79),(150,80),(150,83),(150,85),(150,86),(150,88),(150,89),(150,93),(151,5),(151,7),(151,8),(151,12),(151,15),(151,18),(151,19),(151,24),(151,26),(151,27),(151,29),(151,30),(151,31),(151,32),(151,33),(151,34),(151,38),(151,41),(151,42),(151,44),(151,45),(151,48),(151,50),(151,51),(151,52),(151,53),(151,56),(151,58),(151,59),(151,60),(151,62),(151,64),(151,65),(151,70),(151,71),(151,76),(151,79),(151,80),(151,81),(151,83),(151,85),(151,86),(151,88),(151,89),(151,93),(151,94);
/*!40000 ALTER TABLE `learnableattacks` ENABLE KEYS */;
UNLOCK TABLES;

--
-- Table structure for table `listing`
--

DROP TABLE IF EXISTS `listing`;
/*!40101 SET @saved_cs_client     = @@character_set_client */;
/*!50503 SET character_set_client = utf8mb4 */;
CREATE TABLE `listing` (
  `listingID` int NOT NULL AUTO_INCREMENT,
  `instanceID` int NOT NULL,
  `sellerID` int NOT NULL,
  `description` varchar(100) DEFAULT NULL,
  PRIMARY KEY (`listingID`)
) ENGINE=InnoDB DEFAULT CHARSET=utf8mb4 COLLATE=utf8mb4_0900_ai_ci;
/*!40101 SET character_set_client = @saved_cs_client */;

--
-- Dumping data for table `listing`
--

LOCK TABLES `listing` WRITE;
/*!40000 ALTER TABLE `listing` DISABLE KEYS */;
/*!40000 ALTER TABLE `listing` ENABLE KEYS */;
UNLOCK TABLES;

--
-- Table structure for table `mypokemon`
--

DROP TABLE IF EXISTS `mypokemon`;
/*!40101 SET @saved_cs_client     = @@character_set_client */;
/*!50503 SET character_set_client = utf8mb4 */;
CREATE TABLE `mypokemon` (
  `pID` int NOT NULL,
  `uID` int NOT NULL,
  `instanceID` int NOT NULL AUTO_INCREMENT,
  `nickname` varchar(30) DEFAULT NULL,
  `level` int DEFAULT NULL,
  `favourite` bit(1) DEFAULT b'0',
  `onteam` bit(1) DEFAULT b'0',
  `showcase` bit(1) DEFAULT b'0',
  `dateAdded` datetime DEFAULT '2000-01-01 00:00:00',
  PRIMARY KEY (`instanceID`),
  CONSTRAINT `mypokemon_chk_1` CHECK ((`level` > 0))
) ENGINE=InnoDB AUTO_INCREMENT=1234 DEFAULT CHARSET=utf8mb4 COLLATE=utf8mb4_0900_ai_ci;
/*!40101 SET character_set_client = @saved_cs_client */;

--
-- Dumping data for table `mypokemon`
--

LOCK TABLES `mypokemon` WRITE;
/*!40000 ALTER TABLE `mypokemon` DISABLE KEYS */;
INSERT INTO `mypokemon` VALUES (4,4,1,'Nickname8',4,_binary '',_binary '\0',_binary '\0','2025-07-08 21:03:50'),(5,5,2,'Nickname10',5,_binary '\0',_binary '',_binary '\0','2025-07-08 21:03:51'),(6,6,3,'Nickname12',6,_binary '',_binary '',_binary '\0','2025-07-08 21:03:51'),(7,7,4,'Nickname14',7,_binary '\0',_binary '',_binary '\0','2025-07-08 21:03:51'),(8,8,5,'Nickname16',8,_binary '',_binary '',_binary '\0','2025-07-08 21:03:51'),(9,8,6,'Nickname17',8,_binary '\0',_binary '',_binary '\0','2025-07-08 21:03:51'),(9,9,7,'Nickname18',9,_binary '\0',_binary '',_binary '\0','2025-07-08 21:03:51'),(10,9,8,'Nickname19',9,_binary '',_binary '',_binary '\0','2025-07-08 21:03:51'),(10,10,9,'Nickname20',10,_binary '',_binary '',_binary '\0','2025-07-08 21:03:51'),(11,10,10,'Nickname21',10,_binary '\0',_binary '',_binary '\0','2025-07-08 21:03:51'),(11,11,11,'Nickname22',11,_binary '\0',_binary '',_binary '\0','2025-07-08 21:03:51'),(12,11,12,'Nickname23',11,_binary '',_binary '',_binary '\0','2025-07-08 21:03:51'),(12,12,13,'Nickname24',12,_binary '',_binary '',_binary '\0','2025-07-08 21:03:51'),(13,12,14,'Nickname25',12,_binary '\0',_binary '',_binary '\0','2025-07-08 21:03:51'),(14,12,15,'Nickname26',12,_binary '',_binary '',_binary '\0','2025-07-08 21:03:51'),(13,13,16,'Nickname26',13,_binary '\0',_binary '',_binary '\0','2025-07-08 21:03:51'),(14,13,17,'Nickname27',13,_binary '',_binary '',_binary '\0','2025-07-08 21:03:51'),(15,13,18,'Nickname28',13,_binary '\0',_binary '',_binary '\0','2025-07-08 21:03:51'),(14,14,19,'Nickname28',14,_binary '',_binary '',_binary '\0','2025-07-08 21:03:51'),(15,14,20,'Nickname29',14,_binary '\0',_binary '',_binary '\0','2025-07-08 21:03:51'),(16,14,21,'Nickname30',14,_binary '',_binary '',_binary '\0','2025-07-08 21:03:51'),(15,15,22,'Nickname30',15,_binary '\0',_binary '',_binary '\0','2025-07-08 21:03:51'),(16,15,23,'Nickname31',15,_binary '',_binary '',_binary '\0','2025-07-08 21:03:51'),(17,15,24,'Nickname32',15,_binary '\0',_binary '',_binary '\0','2025-07-08 21:03:51'),(16,16,25,'Nickname32',16,_binary '',_binary '',_binary '\0','2025-07-08 21:03:51'),(17,16,26,'Nickname33',16,_binary '\0',_binary '',_binary '\0','2025-07-08 21:03:51'),(18,16,27,'Nickname34',16,_binary '',_binary '',_binary '\0','2025-07-08 21:03:51'),(19,16,28,'Nickname35',16,_binary '\0',_binary '',_binary '','2025-07-08 21:03:51'),(17,17,29,'Nickname34',17,_binary '\0',_binary '',_binary '\0','2025-07-08 21:03:51'),(18,17,30,'Nickname35',17,_binary '',_binary '',_binary '\0','2025-07-08 21:03:51'),(19,17,31,'Nickname36',17,_binary '\0',_binary '',_binary '\0','2025-07-08 21:03:51'),(20,17,32,'Nickname37',17,_binary '',_binary '',_binary '','2025-07-08 21:03:51'),(18,18,33,'Nickname36',18,_binary '',_binary '',_binary '\0','2025-07-08 21:03:51'),(19,18,34,'Nickname37',18,_binary '\0',_binary '',_binary '\0','2025-07-08 21:03:51'),(20,18,35,'Nickname38',18,_binary '',_binary '',_binary '\0','2025-07-08 21:03:51'),(21,18,36,'Nickname39',18,_binary '\0',_binary '',_binary '','2025-07-08 21:03:51'),(19,19,37,'Nickname38',19,_binary '\0',_binary '',_binary '\0','2025-07-08 21:03:51'),(20,19,38,'Nickname39',19,_binary '',_binary '',_binary '\0','2025-07-08 21:03:51'),(21,19,39,'Nickname40',19,_binary '\0',_binary '',_binary '\0','2025-07-08 21:03:51'),(22,19,40,'Nickname41',19,_binary '',_binary '',_binary '','2025-07-08 21:03:51'),(20,20,41,'Nickname40',20,_binary '',_binary '',_binary '\0','2025-07-08 21:03:51'),(21,20,42,'Nickname41',20,_binary '\0',_binary '',_binary '\0','2025-07-08 21:03:51'),(22,20,43,'Nickname42',20,_binary '',_binary '',_binary '\0','2025-07-08 21:03:51'),(23,20,44,'Nickname43',20,_binary '\0',_binary '',_binary '','2025-07-08 21:03:51'),(24,20,45,'Nickname44',20,_binary '',_binary '',_binary '','2025-07-08 21:03:51'),(21,21,46,'Nickname42',21,_binary '\0',_binary '',_binary '\0','2025-07-08 21:03:51'),(22,21,47,'Nickname43',21,_binary '',_binary '',_binary '\0','2025-07-08 21:03:51'),(23,21,48,'Nickname44',21,_binary '\0',_binary '',_binary '\0','2025-07-08 21:03:51'),(24,21,49,'Nickname45',21,_binary '',_binary '',_binary '','2025-07-08 21:03:51'),(25,21,50,'Nickname46',21,_binary '\0',_binary '',_binary '','2025-07-08 21:03:52'),(22,22,51,'Nickname44',22,_binary '',_binary '',_binary '\0','2025-07-08 21:03:52'),(23,22,52,'Nickname45',22,_binary '\0',_binary '',_binary '\0','2025-07-08 21:03:52'),(24,22,53,'Nickname46',22,_binary '',_binary '',_binary '\0','2025-07-08 21:03:52'),(25,22,54,'Nickname47',22,_binary '\0',_binary '',_binary '','2025-07-08 21:03:52'),(26,22,55,'Nickname48',22,_binary '',_binary '',_binary '','2025-07-08 21:03:52'),(23,23,56,'Nickname46',23,_binary '\0',_binary '',_binary '\0','2025-07-08 21:03:52'),(24,23,57,'Nickname47',23,_binary '',_binary '',_binary '\0','2025-07-08 21:03:52'),(25,23,58,'Nickname48',23,_binary '\0',_binary '',_binary '\0','2025-07-08 21:03:52'),(26,23,59,'Nickname49',23,_binary '',_binary '',_binary '','2025-07-08 21:03:52'),(27,23,60,'Nickname50',23,_binary '\0',_binary '',_binary '','2025-07-08 21:03:52'),(24,24,61,'Nickname48',24,_binary '',_binary '',_binary '\0','2025-07-08 21:03:52'),(25,24,62,'Nickname49',24,_binary '\0',_binary '',_binary '\0','2025-07-08 21:03:52'),(26,24,63,'Nickname50',24,_binary '',_binary '',_binary '\0','2025-07-08 21:03:52'),(27,24,64,'Nickname51',24,_binary '\0',_binary '',_binary '','2025-07-08 21:03:52'),(28,24,65,'Nickname52',24,_binary '',_binary '',_binary '','2025-07-08 21:03:52'),(29,24,66,'Nickname53',24,_binary '\0',_binary '',_binary '','2025-07-08 21:03:52'),(25,25,67,'Nickname50',25,_binary '\0',_binary '',_binary '\0','2025-07-08 21:03:52'),(26,25,68,'Nickname51',25,_binary '',_binary '',_binary '\0','2025-07-08 21:03:52'),(27,25,69,'Nickname52',25,_binary '\0',_binary '',_binary '\0','2025-07-08 21:03:52'),(28,25,70,'Nickname53',25,_binary '',_binary '',_binary '','2025-07-08 21:03:52'),(29,25,71,'Nickname54',25,_binary '\0',_binary '',_binary '','2025-07-08 21:03:52'),(30,25,72,'Nickname55',25,_binary '',_binary '',_binary '','2025-07-08 21:03:52'),(26,26,73,'Nickname52',26,_binary '',_binary '',_binary '\0','2025-07-08 21:03:52'),(27,26,74,'Nickname53',26,_binary '\0',_binary '',_binary '\0','2025-07-08 21:03:52'),(28,26,75,'Nickname54',26,_binary '',_binary '',_binary '\0','2025-07-08 21:03:53'),(29,26,76,'Nickname55',26,_binary '\0',_binary '',_binary '','2025-07-08 21:03:53'),(30,26,77,'Nickname56',26,_binary '',_binary '',_binary '','2025-07-08 21:03:53'),(31,26,78,'Nickname57',26,_binary '\0',_binary '',_binary '','2025-07-08 21:03:53'),(27,27,79,'Nickname54',27,_binary '\0',_binary '',_binary '\0','2025-07-08 21:03:53'),(28,27,80,'Nickname55',27,_binary '',_binary '',_binary '\0','2025-07-08 21:03:53'),(29,27,81,'Nickname56',27,_binary '\0',_binary '',_binary '\0','2025-07-08 21:03:53'),(30,27,82,'Nickname57',27,_binary '',_binary '',_binary '','2025-07-08 21:03:53'),(31,27,83,'Nickname58',27,_binary '\0',_binary '',_binary '','2025-07-08 21:03:53'),(32,27,84,'Nickname59',27,_binary '',_binary '',_binary '','2025-07-08 21:03:53'),(28,28,85,'Nickname56',28,_binary '',_binary '',_binary '\0','2025-07-08 21:03:53'),(29,28,86,'Nickname57',28,_binary '\0',_binary '',_binary '\0','2025-07-08 21:03:53'),(30,28,87,'Nickname58',28,_binary '',_binary '',_binary '\0','2025-07-08 21:03:53'),(31,28,88,'Nickname59',28,_binary '\0',_binary '',_binary '','2025-07-08 21:03:53'),(32,28,89,'Nickname60',28,_binary '',_binary '',_binary '','2025-07-08 21:03:53'),(33,28,90,'Nickname61',28,_binary '\0',_binary '',_binary '','2025-07-08 21:03:53'),(34,28,91,'Nickname62',28,_binary '',_binary '\0',_binary '','2025-07-08 21:03:53'),(29,29,92,'Nickname58',29,_binary '\0',_binary '',_binary '\0','2025-07-08 21:03:53'),(30,29,93,'Nickname59',29,_binary '',_binary '',_binary '\0','2025-07-08 21:03:53'),(31,29,94,'Nickname60',29,_binary '\0',_binary '',_binary '\0','2025-07-08 21:03:53'),(32,29,95,'Nickname61',29,_binary '',_binary '',_binary '','2025-07-08 21:03:53'),(33,29,96,'Nickname62',29,_binary '\0',_binary '',_binary '','2025-07-08 21:03:53'),(34,29,97,'Nickname63',29,_binary '',_binary '',_binary '','2025-07-08 21:03:53'),(35,29,98,'Nickname64',29,_binary '\0',_binary '\0',_binary '','2025-07-08 21:03:53'),(30,30,99,'Nickname60',30,_binary '',_binary '',_binary '\0','2025-07-08 21:03:54'),(31,30,100,'Nickname61',30,_binary '\0',_binary '',_binary '\0','2025-07-08 21:03:54'),(32,30,101,'Nickname62',30,_binary '',_binary '',_binary '\0','2025-07-08 21:03:54'),(33,30,102,'Nickname63',30,_binary '\0',_binary '',_binary '','2025-07-08 21:03:54'),(34,30,103,'Nickname64',30,_binary '',_binary '',_binary '','2025-07-08 21:03:54'),(35,30,104,'Nickname65',30,_binary '\0',_binary '',_binary '','2025-07-08 21:03:54'),(36,30,105,'Nickname66',30,_binary '',_binary '\0',_binary '','2025-07-08 21:03:54'),(31,31,106,'Nickname62',31,_binary '\0',_binary '',_binary '\0','2025-07-08 21:03:54'),(32,31,107,'Nickname63',31,_binary '',_binary '',_binary '\0','2025-07-08 21:03:54'),(33,31,108,'Nickname64',31,_binary '\0',_binary '',_binary '\0','2025-07-08 21:03:54'),(34,31,109,'Nickname65',31,_binary '',_binary '',_binary '','2025-07-08 21:03:54'),(35,31,110,'Nickname66',31,_binary '\0',_binary '',_binary '','2025-07-08 21:03:54'),(36,31,111,'Nickname67',31,_binary '',_binary '',_binary '','2025-07-08 21:03:54'),(37,31,112,'Nickname68',31,_binary '\0',_binary '\0',_binary '','2025-07-08 21:03:54'),(32,32,113,'Nickname64',32,_binary '',_binary '',_binary '\0','2025-07-08 21:03:54'),(33,32,114,'Nickname65',32,_binary '\0',_binary '',_binary '\0','2025-07-08 21:03:54'),(34,32,115,'Nickname66',32,_binary '',_binary '',_binary '\0','2025-07-08 21:03:54'),(35,32,116,'Nickname67',32,_binary '\0',_binary '',_binary '','2025-07-08 21:03:54'),(36,32,117,'Nickname68',32,_binary '',_binary '',_binary '','2025-07-08 21:03:54'),(37,32,118,'Nickname69',32,_binary '\0',_binary '',_binary '','2025-07-08 21:03:54'),(38,32,119,'Nickname70',32,_binary '',_binary '\0',_binary '','2025-07-08 21:03:54'),(39,32,120,'Nickname71',32,_binary '\0',_binary '\0',_binary '','2025-07-08 21:03:54'),(33,33,121,'Nickname66',33,_binary '\0',_binary '',_binary '\0','2025-07-08 21:03:54'),(34,33,122,'Nickname67',33,_binary '',_binary '',_binary '\0','2025-07-08 21:03:54'),(35,33,123,'Nickname68',33,_binary '\0',_binary '',_binary '\0','2025-07-08 21:03:54'),(36,33,124,'Nickname69',33,_binary '',_binary '',_binary '','2025-07-08 21:03:54'),(37,33,125,'Nickname70',33,_binary '\0',_binary '',_binary '','2025-07-08 21:03:54'),(38,33,126,'Nickname71',33,_binary '',_binary '',_binary '','2025-07-08 21:03:54'),(39,33,127,'Nickname72',33,_binary '\0',_binary '\0',_binary '','2025-07-08 21:03:54'),(40,33,128,'Nickname73',33,_binary '',_binary '\0',_binary '','2025-07-08 21:03:54'),(34,34,129,'Nickname68',34,_binary '',_binary '',_binary '\0','2025-07-08 21:03:54'),(35,34,130,'Nickname69',34,_binary '\0',_binary '',_binary '\0','2025-07-08 21:03:54'),(36,34,131,'Nickname70',34,_binary '',_binary '',_binary '\0','2025-07-08 21:03:55'),(37,34,132,'Nickname71',34,_binary '\0',_binary '',_binary '','2025-07-08 21:03:55'),(38,34,133,'Nickname72',34,_binary '',_binary '',_binary '','2025-07-08 21:03:55'),(39,34,134,'Nickname73',34,_binary '\0',_binary '',_binary '','2025-07-08 21:03:55'),(40,34,135,'Nickname74',34,_binary '',_binary '\0',_binary '','2025-07-08 21:03:55'),(41,34,136,'Nickname75',34,_binary '\0',_binary '\0',_binary '','2025-07-08 21:03:55'),(35,35,137,'Nickname70',35,_binary '\0',_binary '',_binary '\0','2025-07-08 21:03:55'),(36,35,138,'Nickname71',35,_binary '',_binary '',_binary '\0','2025-07-08 21:03:55'),(37,35,139,'Nickname72',35,_binary '\0',_binary '',_binary '\0','2025-07-08 21:03:55'),(38,35,140,'Nickname73',35,_binary '',_binary '',_binary '','2025-07-08 21:03:55'),(39,35,141,'Nickname74',35,_binary '\0',_binary '',_binary '','2025-07-08 21:03:55'),(40,35,142,'Nickname75',35,_binary '',_binary '',_binary '','2025-07-08 21:03:55'),(41,35,143,'Nickname76',35,_binary '\0',_binary '\0',_binary '','2025-07-08 21:03:55'),(42,35,144,'Nickname77',35,_binary '',_binary '\0',_binary '','2025-07-08 21:03:55'),(36,36,145,'Nickname72',36,_binary '',_binary '',_binary '\0','2025-07-08 21:03:55'),(37,36,146,'Nickname73',36,_binary '\0',_binary '',_binary '\0','2025-07-08 21:03:55'),(38,36,147,'Nickname74',36,_binary '',_binary '',_binary '\0','2025-07-08 21:03:55'),(39,36,148,'Nickname75',36,_binary '\0',_binary '',_binary '','2025-07-08 21:03:55'),(40,36,149,'Nickname76',36,_binary '',_binary '',_binary '','2025-07-08 21:03:55'),(41,36,150,'Nickname77',36,_binary '\0',_binary '',_binary '','2025-07-08 21:03:55'),(42,36,151,'Nickname78',36,_binary '',_binary '\0',_binary '','2025-07-08 21:03:55'),(43,36,152,'Nickname79',36,_binary '\0',_binary '\0',_binary '','2025-07-08 21:03:55'),(44,36,153,'Nickname80',36,_binary '',_binary '\0',_binary '','2025-07-08 21:03:55'),(37,37,154,'Nickname74',37,_binary '\0',_binary '',_binary '\0','2025-07-08 21:03:55'),(38,37,155,'Nickname75',37,_binary '',_binary '',_binary '\0','2025-07-08 21:03:55'),(39,37,156,'Nickname76',37,_binary '\0',_binary '',_binary '\0','2025-07-08 21:03:55'),(40,37,157,'Nickname77',37,_binary '',_binary '',_binary '','2025-07-08 21:03:55'),(41,37,158,'Nickname78',37,_binary '\0',_binary '',_binary '','2025-07-08 21:03:55'),(42,37,159,'Nickname79',37,_binary '',_binary '',_binary '','2025-07-08 21:03:55'),(43,37,160,'Nickname80',37,_binary '\0',_binary '\0',_binary '','2025-07-08 21:03:55'),(44,37,161,'Nickname81',37,_binary '',_binary '\0',_binary '','2025-07-08 21:03:55'),(45,37,162,'Nickname82',37,_binary '\0',_binary '\0',_binary '','2025-07-08 21:03:55'),(38,38,163,'Nickname76',38,_binary '',_binary '',_binary '\0','2025-07-08 21:03:55'),(39,38,164,'Nickname77',38,_binary '\0',_binary '',_binary '\0','2025-07-08 21:03:56'),(40,38,165,'Nickname78',38,_binary '',_binary '',_binary '\0','2025-07-08 21:03:56'),(41,38,166,'Nickname79',38,_binary '\0',_binary '',_binary '','2025-07-08 21:03:56'),(42,38,167,'Nickname80',38,_binary '',_binary '',_binary '','2025-07-08 21:03:56'),(43,38,168,'Nickname81',38,_binary '\0',_binary '',_binary '','2025-07-08 21:03:56'),(44,38,169,'Nickname82',38,_binary '',_binary '\0',_binary '','2025-07-08 21:03:56'),(45,38,170,'Nickname83',38,_binary '\0',_binary '\0',_binary '','2025-07-08 21:03:56'),(46,38,171,'Nickname84',38,_binary '',_binary '\0',_binary '','2025-07-08 21:03:56'),(39,39,172,'Nickname78',39,_binary '\0',_binary '',_binary '\0','2025-07-08 21:03:56'),(40,39,173,'Nickname79',39,_binary '',_binary '',_binary '\0','2025-07-08 21:03:56'),(41,39,174,'Nickname80',39,_binary '\0',_binary '',_binary '\0','2025-07-08 21:03:56'),(42,39,175,'Nickname81',39,_binary '',_binary '',_binary '','2025-07-08 21:03:56'),(43,39,176,'Nickname82',39,_binary '\0',_binary '',_binary '','2025-07-08 21:03:56'),(44,39,177,'Nickname83',39,_binary '',_binary '',_binary '','2025-07-08 21:03:56'),(45,39,178,'Nickname84',39,_binary '\0',_binary '\0',_binary '','2025-07-08 21:03:56'),(46,39,179,'Nickname85',39,_binary '',_binary '\0',_binary '','2025-07-08 21:03:56'),(47,39,180,'Nickname86',39,_binary '\0',_binary '\0',_binary '','2025-07-08 21:03:56'),(40,40,181,'Nickname80',40,_binary '',_binary '',_binary '\0','2025-07-08 21:03:56'),(41,40,182,'Nickname81',40,_binary '\0',_binary '',_binary '\0','2025-07-08 21:03:56'),(42,40,183,'Nickname82',40,_binary '',_binary '',_binary '\0','2025-07-08 21:03:56'),(43,40,184,'Nickname83',40,_binary '\0',_binary '',_binary '','2025-07-08 21:03:56'),(44,40,185,'Nickname84',40,_binary '',_binary '',_binary '','2025-07-08 21:03:56'),(45,40,186,'Nickname85',40,_binary '\0',_binary '',_binary '','2025-07-08 21:03:56'),(46,40,187,'Nickname86',40,_binary '',_binary '\0',_binary '','2025-07-08 21:03:56'),(47,40,188,'Nickname87',40,_binary '\0',_binary '\0',_binary '','2025-07-08 21:03:56'),(48,40,189,'Nickname88',40,_binary '',_binary '\0',_binary '','2025-07-08 21:03:56'),(49,40,190,'Nickname89',40,_binary '\0',_binary '\0',_binary '\0','2025-07-08 21:03:56'),(41,41,191,'Nickname82',41,_binary '\0',_binary '',_binary '\0','2025-07-08 21:03:56'),(42,41,192,'Nickname83',41,_binary '',_binary '',_binary '\0','2025-07-08 21:03:56'),(43,41,193,'Nickname84',41,_binary '\0',_binary '',_binary '\0','2025-07-08 21:03:56'),(44,41,194,'Nickname85',41,_binary '',_binary '',_binary '','2025-07-08 21:03:56'),(45,41,195,'Nickname86',41,_binary '\0',_binary '',_binary '','2025-07-08 21:03:56'),(46,41,196,'Nickname87',41,_binary '',_binary '',_binary '','2025-07-08 21:03:56'),(47,41,197,'Nickname88',41,_binary '\0',_binary '\0',_binary '','2025-07-08 21:03:56'),(48,41,198,'Nickname89',41,_binary '',_binary '\0',_binary '','2025-07-08 21:03:56'),(49,41,199,'Nickname90',41,_binary '\0',_binary '\0',_binary '','2025-07-08 21:03:56'),(50,41,200,'Nickname91',41,_binary '',_binary '\0',_binary '\0','2025-07-08 21:03:56'),(42,42,201,'Nickname84',42,_binary '',_binary '',_binary '\0','2025-07-08 21:03:57'),(43,42,202,'Nickname85',42,_binary '\0',_binary '',_binary '\0','2025-07-08 21:03:57'),(44,42,203,'Nickname86',42,_binary '',_binary '',_binary '\0','2025-07-08 21:03:57'),(45,42,204,'Nickname87',42,_binary '\0',_binary '',_binary '','2025-07-08 21:03:57'),(46,42,205,'Nickname88',42,_binary '',_binary '',_binary '','2025-07-08 21:03:57'),(47,42,206,'Nickname89',42,_binary '\0',_binary '',_binary '','2025-07-08 21:03:57'),(48,42,207,'Nickname90',42,_binary '',_binary '\0',_binary '','2025-07-08 21:03:57'),(49,42,208,'Nickname91',42,_binary '\0',_binary '\0',_binary '','2025-07-08 21:03:57'),(50,42,209,'Nickname92',42,_binary '',_binary '\0',_binary '','2025-07-08 21:03:57'),(51,42,210,'Nickname93',42,_binary '\0',_binary '\0',_binary '\0','2025-07-08 21:03:57'),(43,43,211,'Nickname86',43,_binary '\0',_binary '',_binary '\0','2025-07-08 21:03:57'),(44,43,212,'Nickname87',43,_binary '',_binary '',_binary '\0','2025-07-08 21:03:57'),(45,43,213,'Nickname88',43,_binary '\0',_binary '',_binary '\0','2025-07-08 21:03:57'),(46,43,214,'Nickname89',43,_binary '',_binary '',_binary '','2025-07-08 21:03:57'),(47,43,215,'Nickname90',43,_binary '\0',_binary '',_binary '','2025-07-08 21:03:57'),(48,43,216,'Nickname91',43,_binary '',_binary '',_binary '','2025-07-08 21:03:57'),(49,43,217,'Nickname92',43,_binary '\0',_binary '\0',_binary '','2025-07-08 21:03:57'),(50,43,218,'Nickname93',43,_binary '',_binary '\0',_binary '','2025-07-08 21:03:57'),(51,43,219,'Nickname94',43,_binary '\0',_binary '\0',_binary '','2025-07-08 21:03:57'),(52,43,220,'Nickname95',43,_binary '',_binary '\0',_binary '\0','2025-07-08 21:03:57'),(44,44,221,'Nickname88',44,_binary '',_binary '',_binary '\0','2025-07-08 21:03:57'),(45,44,222,'Nickname89',44,_binary '\0',_binary '',_binary '\0','2025-07-08 21:03:57'),(46,44,223,'Nickname90',44,_binary '',_binary '',_binary '\0','2025-07-08 21:03:57'),(47,44,224,'Nickname91',44,_binary '\0',_binary '',_binary '','2025-07-08 21:03:57'),(48,44,225,'Nickname92',44,_binary '',_binary '',_binary '','2025-07-08 21:03:57'),(49,44,226,'Nickname93',44,_binary '\0',_binary '',_binary '','2025-07-08 21:03:58'),(50,44,227,'Nickname94',44,_binary '',_binary '\0',_binary '','2025-07-08 21:03:58'),(51,44,228,'Nickname95',44,_binary '\0',_binary '\0',_binary '','2025-07-08 21:03:58'),(52,44,229,'Nickname96',44,_binary '',_binary '\0',_binary '','2025-07-08 21:03:58'),(53,44,230,'Nickname97',44,_binary '\0',_binary '\0',_binary '\0','2025-07-08 21:03:58'),(54,44,231,'Nickname98',44,_binary '',_binary '\0',_binary '\0','2025-07-08 21:03:58'),(45,45,232,'Nickname90',45,_binary '\0',_binary '',_binary '\0','2025-07-08 21:03:58'),(46,45,233,'Nickname91',45,_binary '',_binary '',_binary '\0','2025-07-08 21:03:58'),(47,45,234,'Nickname92',45,_binary '\0',_binary '',_binary '\0','2025-07-08 21:03:58'),(48,45,235,'Nickname93',45,_binary '',_binary '',_binary '','2025-07-08 21:03:58'),(49,45,236,'Nickname94',45,_binary '\0',_binary '',_binary '','2025-07-08 21:03:58'),(50,45,237,'Nickname95',45,_binary '',_binary '',_binary '','2025-07-08 21:03:58'),(51,45,238,'Nickname96',45,_binary '\0',_binary '\0',_binary '','2025-07-08 21:03:58'),(52,45,239,'Nickname97',45,_binary '',_binary '\0',_binary '','2025-07-08 21:03:58'),(53,45,240,'Nickname98',45,_binary '\0',_binary '\0',_binary '','2025-07-08 21:03:58'),(54,45,241,'Nickname99',45,_binary '',_binary '\0',_binary '\0','2025-07-08 21:03:58'),(55,45,242,'Nickname100',45,_binary '\0',_binary '\0',_binary '\0','2025-07-08 21:03:59'),(46,46,243,'Nickname92',46,_binary '',_binary '',_binary '\0','2025-07-08 21:03:59'),(47,46,244,'Nickname93',46,_binary '\0',_binary '',_binary '\0','2025-07-08 21:03:59'),(48,46,245,'Nickname94',46,_binary '',_binary '',_binary '\0','2025-07-08 21:03:59'),(49,46,246,'Nickname95',46,_binary '\0',_binary '',_binary '','2025-07-08 21:03:59'),(50,46,247,'Nickname96',46,_binary '',_binary '',_binary '','2025-07-08 21:03:59'),(51,46,248,'Nickname97',46,_binary '\0',_binary '',_binary '','2025-07-08 21:03:59'),(52,46,249,'Nickname98',46,_binary '',_binary '\0',_binary '','2025-07-08 21:03:59'),(53,46,250,'Nickname99',46,_binary '\0',_binary '\0',_binary '','2025-07-08 21:03:59'),(54,46,251,'Nickname100',46,_binary '',_binary '\0',_binary '','2025-07-08 21:03:59'),(55,46,252,'Nickname101',46,_binary '\0',_binary '\0',_binary '\0','2025-07-08 21:03:59'),(56,46,253,'Nickname102',46,_binary '',_binary '\0',_binary '\0','2025-07-08 21:03:59'),(47,47,254,'Nickname94',47,_binary '\0',_binary '',_binary '\0','2025-07-08 21:03:59'),(48,47,255,'Nickname95',47,_binary '',_binary '',_binary '\0','2025-07-08 21:03:59'),(49,47,256,'Nickname96',47,_binary '\0',_binary '',_binary '\0','2025-07-08 21:03:59'),(50,47,257,'Nickname97',47,_binary '',_binary '',_binary '','2025-07-08 21:03:59'),(51,47,258,'Nickname98',47,_binary '\0',_binary '',_binary '','2025-07-08 21:03:59'),(52,47,259,'Nickname99',47,_binary '',_binary '',_binary '','2025-07-08 21:03:59'),(53,47,260,'Nickname100',47,_binary '\0',_binary '\0',_binary '','2025-07-08 21:03:59'),(54,47,261,'Nickname101',47,_binary '',_binary '\0',_binary '','2025-07-08 21:03:59'),(55,47,262,'Nickname102',47,_binary '\0',_binary '\0',_binary '','2025-07-08 21:03:59'),(56,47,263,'Nickname103',47,_binary '',_binary '\0',_binary '\0','2025-07-08 21:03:59'),(57,47,264,'Nickname104',47,_binary '\0',_binary '\0',_binary '\0','2025-07-08 21:03:59'),(48,48,265,'Nickname96',48,_binary '',_binary '',_binary '\0','2025-07-08 21:03:59'),(49,48,266,'Nickname97',48,_binary '\0',_binary '',_binary '\0','2025-07-08 21:03:59'),(50,48,267,'Nickname98',48,_binary '',_binary '',_binary '\0','2025-07-08 21:03:59'),(51,48,268,'Nickname99',48,_binary '\0',_binary '',_binary '','2025-07-08 21:03:59'),(52,48,269,'Nickname100',48,_binary '',_binary '',_binary '','2025-07-08 21:03:59'),(53,48,270,'Nickname101',48,_binary '\0',_binary '',_binary '','2025-07-08 21:03:59'),(54,48,271,'Nickname102',48,_binary '',_binary '\0',_binary '','2025-07-08 21:03:59'),(55,48,272,'Nickname103',48,_binary '\0',_binary '\0',_binary '','2025-07-08 21:03:59'),(56,48,273,'Nickname104',48,_binary '',_binary '\0',_binary '','2025-07-08 21:03:59'),(57,48,274,'Nickname105',48,_binary '\0',_binary '\0',_binary '\0','2025-07-08 21:03:59'),(58,48,275,'Nickname106',48,_binary '',_binary '\0',_binary '\0','2025-07-08 21:03:59'),(59,48,276,'Nickname107',48,_binary '\0',_binary '\0',_binary '\0','2025-07-08 21:03:59'),(49,49,277,'Nickname98',49,_binary '\0',_binary '',_binary '\0','2025-07-08 21:03:59'),(50,49,278,'Nickname99',49,_binary '',_binary '',_binary '\0','2025-07-08 21:03:59'),(51,49,279,'Nickname100',49,_binary '\0',_binary '',_binary '\0','2025-07-08 21:03:59'),(52,49,280,'Nickname101',49,_binary '',_binary '',_binary '','2025-07-08 21:03:59'),(53,49,281,'Nickname102',49,_binary '\0',_binary '',_binary '','2025-07-08 21:03:59'),(54,49,282,'Nickname103',49,_binary '',_binary '',_binary '','2025-07-08 21:03:59'),(55,49,283,'Nickname104',49,_binary '\0',_binary '\0',_binary '','2025-07-08 21:03:59'),(56,49,284,'Nickname105',49,_binary '',_binary '\0',_binary '','2025-07-08 21:03:59'),(57,49,285,'Nickname106',49,_binary '\0',_binary '\0',_binary '','2025-07-08 21:03:59'),(58,49,286,'Nickname107',49,_binary '',_binary '\0',_binary '\0','2025-07-08 21:04:00'),(59,49,287,'Nickname108',49,_binary '\0',_binary '\0',_binary '\0','2025-07-08 21:04:00'),(60,49,288,'Nickname109',49,_binary '',_binary '\0',_binary '\0','2025-07-08 21:04:00'),(50,50,289,'Nickname100',50,_binary '',_binary '\0',_binary '\0','2025-07-08 21:04:00'),(51,50,290,'Nickname101',50,_binary '\0',_binary '\0',_binary '\0','2025-07-08 21:04:00'),(52,50,291,'Nickname102',50,_binary '',_binary '',_binary '','2025-07-08 21:04:00'),(53,50,292,'Nickname103',50,_binary '',_binary '',_binary '','2025-07-08 21:04:00'),(54,50,293,'Nickname104',50,_binary '',_binary '\0',_binary '\0','2025-07-08 21:04:00'),(55,50,294,'Nickname105',50,_binary '\0',_binary '\0',_binary '\0','2025-07-08 21:04:00'),(56,50,295,'Nickname106',50,_binary '',_binary '\0',_binary '\0','2025-07-08 21:04:00'),(57,50,296,'Nickname107',50,_binary '\0',_binary '\0',_binary '\0','2025-07-08 21:04:00'),(58,50,297,'Nickname108',50,_binary '',_binary '',_binary '','2025-07-08 21:04:00'),(59,50,298,'Nickname109',50,_binary '\0',_binary '\0',_binary '\0','2025-07-08 21:04:00'),(60,50,299,'Nickname110',50,_binary '',_binary '\0',_binary '\0','2025-07-08 21:04:00'),(61,50,300,'Nickname111',50,_binary '\0',_binary '\0',_binary '\0','2025-07-08 21:04:00'),(51,51,301,'Nickname102',51,_binary '\0',_binary '',_binary '\0','2025-07-08 21:04:00'),(52,51,302,'Nickname103',51,_binary '',_binary '',_binary '\0','2025-07-08 21:04:00'),(53,51,303,'Nickname104',51,_binary '\0',_binary '',_binary '\0','2025-07-08 21:04:00'),(54,51,304,'Nickname105',51,_binary '',_binary '',_binary '','2025-07-08 21:04:00'),(55,51,305,'Nickname106',51,_binary '\0',_binary '',_binary '','2025-07-08 21:04:00'),(56,51,306,'Nickname107',51,_binary '',_binary '',_binary '','2025-07-08 21:04:00'),(57,51,307,'Nickname108',51,_binary '\0',_binary '\0',_binary '','2025-07-08 21:04:00'),(58,51,308,'Nickname109',51,_binary '',_binary '\0',_binary '','2025-07-08 21:04:00'),(59,51,309,'Nickname110',51,_binary '\0',_binary '\0',_binary '','2025-07-08 21:04:00'),(60,51,310,'Nickname111',51,_binary '',_binary '\0',_binary '\0','2025-07-08 21:04:00'),(61,51,311,'Nickname112',51,_binary '\0',_binary '\0',_binary '\0','2025-07-08 21:04:00'),(62,51,312,'Nickname113',51,_binary '',_binary '\0',_binary '\0','2025-07-08 21:04:00'),(52,52,313,'Nickname104',52,_binary '',_binary '',_binary '\0','2025-07-08 21:04:00'),(53,52,314,'Nickname105',52,_binary '\0',_binary '',_binary '\0','2025-07-08 21:04:00'),(54,52,315,'Nickname106',52,_binary '',_binary '',_binary '\0','2025-07-08 21:04:00'),(55,52,316,'Nickname107',52,_binary '\0',_binary '',_binary '','2025-07-08 21:04:00'),(56,52,317,'Nickname108',52,_binary '',_binary '',_binary '','2025-07-08 21:04:00'),(57,52,318,'Nickname109',52,_binary '\0',_binary '',_binary '','2025-07-08 21:04:00'),(58,52,319,'Nickname110',52,_binary '',_binary '\0',_binary '','2025-07-08 21:04:00'),(59,52,320,'Nickname111',52,_binary '\0',_binary '\0',_binary '','2025-07-08 21:04:00'),(60,52,321,'Nickname112',52,_binary '',_binary '\0',_binary '','2025-07-08 21:04:00'),(61,52,322,'Nickname113',52,_binary '\0',_binary '\0',_binary '\0','2025-07-08 21:04:00'),(62,52,323,'Nickname114',52,_binary '',_binary '\0',_binary '\0','2025-07-08 21:04:00'),(63,52,324,'Nickname115',52,_binary '\0',_binary '\0',_binary '\0','2025-07-08 21:04:00'),(64,52,325,'Nickname116',52,_binary '',_binary '\0',_binary '\0','2025-07-08 21:04:00'),(53,53,326,'Nickname106',53,_binary '\0',_binary '',_binary '\0','2025-07-08 21:04:00'),(54,53,327,'Nickname107',53,_binary '',_binary '',_binary '\0','2025-07-08 21:04:00'),(55,53,328,'Nickname108',53,_binary '\0',_binary '',_binary '\0','2025-07-08 21:04:00'),(56,53,329,'Nickname109',53,_binary '',_binary '',_binary '','2025-07-08 21:04:00'),(57,53,330,'Nickname110',53,_binary '\0',_binary '',_binary '','2025-07-08 21:04:00'),(58,53,331,'Nickname111',53,_binary '',_binary '',_binary '','2025-07-08 21:04:00'),(59,53,332,'Nickname112',53,_binary '\0',_binary '\0',_binary '','2025-07-08 21:04:01'),(60,53,333,'Nickname113',53,_binary '',_binary '\0',_binary '','2025-07-08 21:04:01'),(61,53,334,'Nickname114',53,_binary '\0',_binary '\0',_binary '','2025-07-08 21:04:01'),(62,53,335,'Nickname115',53,_binary '',_binary '\0',_binary '\0','2025-07-08 21:04:01'),(63,53,336,'Nickname116',53,_binary '\0',_binary '\0',_binary '\0','2025-07-08 21:04:01'),(64,53,337,'Nickname117',53,_binary '',_binary '\0',_binary '\0','2025-07-08 21:04:01'),(65,53,338,'Nickname118',53,_binary '\0',_binary '\0',_binary '\0','2025-07-08 21:04:01'),(54,54,339,'Nickname108',54,_binary '',_binary '',_binary '\0','2025-07-08 21:04:01'),(55,54,340,'Nickname109',54,_binary '\0',_binary '',_binary '\0','2025-07-08 21:04:01'),(56,54,341,'Nickname110',54,_binary '',_binary '',_binary '\0','2025-07-08 21:04:01'),(57,54,342,'Nickname111',54,_binary '\0',_binary '',_binary '','2025-07-08 21:04:01'),(58,54,343,'Nickname112',54,_binary '',_binary '',_binary '','2025-07-08 21:04:01'),(59,54,344,'Nickname113',54,_binary '\0',_binary '',_binary '','2025-07-08 21:04:01'),(60,54,345,'Nickname114',54,_binary '',_binary '\0',_binary '','2025-07-08 21:04:01'),(61,54,346,'Nickname115',54,_binary '\0',_binary '\0',_binary '','2025-07-08 21:04:01'),(62,54,347,'Nickname116',54,_binary '',_binary '\0',_binary '','2025-07-08 21:04:01'),(63,54,348,'Nickname117',54,_binary '\0',_binary '\0',_binary '\0','2025-07-08 21:04:01'),(64,54,349,'Nickname118',54,_binary '',_binary '\0',_binary '\0','2025-07-08 21:04:01'),(65,54,350,'Nickname119',54,_binary '\0',_binary '\0',_binary '\0','2025-07-08 21:04:01'),(66,54,351,'Nickname120',54,_binary '',_binary '\0',_binary '\0','2025-07-08 21:04:01'),(55,55,352,'Nickname110',55,_binary '\0',_binary '',_binary '\0','2025-07-08 21:04:01'),(56,55,353,'Nickname111',55,_binary '',_binary '',_binary '\0','2025-07-08 21:04:02'),(57,55,354,'Nickname112',55,_binary '\0',_binary '',_binary '\0','2025-07-08 21:04:02'),(58,55,355,'Nickname113',55,_binary '',_binary '',_binary '','2025-07-08 21:04:02'),(59,55,356,'Nickname114',55,_binary '\0',_binary '',_binary '','2025-07-08 21:04:02'),(60,55,357,'Nickname115',55,_binary '',_binary '',_binary '','2025-07-08 21:04:02'),(61,55,358,'Nickname116',55,_binary '\0',_binary '\0',_binary '','2025-07-08 21:04:02'),(62,55,359,'Nickname117',55,_binary '',_binary '\0',_binary '','2025-07-08 21:04:02'),(63,55,360,'Nickname118',55,_binary '\0',_binary '\0',_binary '','2025-07-08 21:04:02'),(64,55,361,'Nickname119',55,_binary '',_binary '\0',_binary '\0','2025-07-08 21:04:02'),(65,55,362,'Nickname120',55,_binary '\0',_binary '\0',_binary '\0','2025-07-08 21:04:02'),(66,55,363,'Nickname121',55,_binary '',_binary '\0',_binary '\0','2025-07-08 21:04:02'),(67,55,364,'Nickname122',55,_binary '\0',_binary '\0',_binary '\0','2025-07-08 21:04:02'),(56,56,365,'Nickname112',56,_binary '',_binary '',_binary '\0','2025-07-08 21:04:02'),(57,56,366,'Nickname113',56,_binary '\0',_binary '',_binary '\0','2025-07-08 21:04:02'),(58,56,367,'Nickname114',56,_binary '',_binary '',_binary '\0','2025-07-08 21:04:02'),(59,56,368,'Nickname115',56,_binary '\0',_binary '',_binary '','2025-07-08 21:04:02'),(60,56,369,'Nickname116',56,_binary '',_binary '',_binary '','2025-07-08 21:04:02'),(61,56,370,'Nickname117',56,_binary '\0',_binary '',_binary '','2025-07-08 21:04:02'),(62,56,371,'Nickname118',56,_binary '',_binary '\0',_binary '','2025-07-08 21:04:02'),(63,56,372,'Nickname119',56,_binary '\0',_binary '\0',_binary '','2025-07-08 21:04:02'),(64,56,373,'Nickname120',56,_binary '',_binary '\0',_binary '','2025-07-08 21:04:02'),(65,56,374,'Nickname121',56,_binary '\0',_binary '\0',_binary '\0','2025-07-08 21:04:02'),(66,56,375,'Nickname122',56,_binary '',_binary '\0',_binary '\0','2025-07-08 21:04:02'),(67,56,376,'Nickname123',56,_binary '\0',_binary '\0',_binary '\0','2025-07-08 21:04:02'),(68,56,377,'Nickname124',56,_binary '',_binary '\0',_binary '\0','2025-07-08 21:04:02'),(69,56,378,'Nickname125',56,_binary '\0',_binary '\0',_binary '\0','2025-07-08 21:04:02'),(57,57,379,'Nickname114',57,_binary '\0',_binary '',_binary '\0','2025-07-08 21:04:02'),(58,57,380,'Nickname115',57,_binary '',_binary '',_binary '\0','2025-07-08 21:04:02'),(59,57,381,'Nickname116',57,_binary '\0',_binary '',_binary '\0','2025-07-08 21:04:02'),(60,57,382,'Nickname117',57,_binary '',_binary '',_binary '','2025-07-08 21:04:02'),(61,57,383,'Nickname118',57,_binary '\0',_binary '',_binary '','2025-07-08 21:04:02'),(62,57,384,'Nickname119',57,_binary '',_binary '',_binary '','2025-07-08 21:04:02'),(63,57,385,'Nickname120',57,_binary '\0',_binary '\0',_binary '','2025-07-08 21:04:02'),(64,57,386,'Nickname121',57,_binary '',_binary '\0',_binary '','2025-07-08 21:04:02'),(65,57,387,'Nickname122',57,_binary '\0',_binary '\0',_binary '','2025-07-08 21:04:02'),(66,57,388,'Nickname123',57,_binary '',_binary '\0',_binary '\0','2025-07-08 21:04:02'),(67,57,389,'Nickname124',57,_binary '\0',_binary '\0',_binary '\0','2025-07-08 21:04:02'),(68,57,390,'Nickname125',57,_binary '',_binary '\0',_binary '\0','2025-07-08 21:04:03'),(69,57,391,'Nickname126',57,_binary '\0',_binary '\0',_binary '\0','2025-07-08 21:04:03'),(70,57,392,'Nickname127',57,_binary '',_binary '\0',_binary '\0','2025-07-08 21:04:03'),(58,58,393,'Nickname116',58,_binary '',_binary '',_binary '\0','2025-07-08 21:04:03'),(59,58,394,'Nickname117',58,_binary '\0',_binary '',_binary '\0','2025-07-08 21:04:03'),(60,58,395,'Nickname118',58,_binary '',_binary '',_binary '\0','2025-07-08 21:04:03'),(61,58,396,'Nickname119',58,_binary '\0',_binary '',_binary '','2025-07-08 21:04:03'),(62,58,397,'Nickname120',58,_binary '',_binary '',_binary '','2025-07-08 21:04:03'),(63,58,398,'Nickname121',58,_binary '\0',_binary '',_binary '','2025-07-08 21:04:03'),(64,58,399,'Nickname122',58,_binary '',_binary '\0',_binary '','2025-07-08 21:04:03'),(65,58,400,'Nickname123',58,_binary '\0',_binary '\0',_binary '','2025-07-08 21:04:03'),(66,58,401,'Nickname124',58,_binary '',_binary '\0',_binary '','2025-07-08 21:04:03'),(67,58,402,'Nickname125',58,_binary '\0',_binary '\0',_binary '\0','2025-07-08 21:04:04'),(68,58,403,'Nickname126',58,_binary '',_binary '\0',_binary '\0','2025-07-08 21:04:04'),(69,58,404,'Nickname127',58,_binary '\0',_binary '\0',_binary '\0','2025-07-08 21:04:04'),(70,58,405,'Nickname128',58,_binary '',_binary '\0',_binary '\0','2025-07-08 21:04:04'),(71,58,406,'Nickname129',58,_binary '\0',_binary '\0',_binary '\0','2025-07-08 21:04:04'),(59,59,407,'Nickname118',59,_binary '\0',_binary '',_binary '\0','2025-07-08 21:04:04'),(60,59,408,'Nickname119',59,_binary '',_binary '',_binary '\0','2025-07-08 21:04:04'),(61,59,409,'Nickname120',59,_binary '\0',_binary '',_binary '\0','2025-07-08 21:04:04'),(62,59,410,'Nickname121',59,_binary '',_binary '',_binary '','2025-07-08 21:04:04'),(63,59,411,'Nickname122',59,_binary '\0',_binary '',_binary '','2025-07-08 21:04:04'),(64,59,412,'Nickname123',59,_binary '',_binary '',_binary '','2025-07-08 21:04:04'),(65,59,413,'Nickname124',59,_binary '\0',_binary '\0',_binary '','2025-07-08 21:04:04'),(66,59,414,'Nickname125',59,_binary '',_binary '\0',_binary '','2025-07-08 21:04:04'),(67,59,415,'Nickname126',59,_binary '\0',_binary '\0',_binary '','2025-07-08 21:04:04'),(68,59,416,'Nickname127',59,_binary '',_binary '\0',_binary '\0','2025-07-08 21:04:04'),(69,59,417,'Nickname128',59,_binary '\0',_binary '\0',_binary '\0','2025-07-08 21:04:04'),(70,59,418,'Nickname129',59,_binary '',_binary '\0',_binary '\0','2025-07-08 21:04:04'),(71,59,419,'Nickname130',59,_binary '\0',_binary '\0',_binary '\0','2025-07-08 21:04:04'),(72,59,420,'Nickname131',59,_binary '',_binary '\0',_binary '\0','2025-07-08 21:04:04'),(60,60,421,'Nickname120',60,_binary '',_binary '',_binary '\0','2025-07-08 21:04:05'),(61,60,422,'Nickname121',60,_binary '\0',_binary '',_binary '\0','2025-07-08 21:04:05'),(62,60,423,'Nickname122',60,_binary '',_binary '',_binary '\0','2025-07-08 21:04:05'),(63,60,424,'Nickname123',60,_binary '\0',_binary '',_binary '','2025-07-08 21:04:05'),(64,60,425,'Nickname124',60,_binary '',_binary '',_binary '','2025-07-08 21:04:05'),(65,60,426,'Nickname125',60,_binary '\0',_binary '',_binary '','2025-07-08 21:04:05'),(66,60,427,'Nickname126',60,_binary '',_binary '\0',_binary '','2025-07-08 21:04:05'),(67,60,428,'Nickname127',60,_binary '\0',_binary '\0',_binary '','2025-07-08 21:04:05'),(68,60,429,'Nickname128',60,_binary '',_binary '\0',_binary '','2025-07-08 21:04:05'),(69,60,430,'Nickname129',60,_binary '\0',_binary '\0',_binary '\0','2025-07-08 21:04:05'),(70,60,431,'Nickname130',60,_binary '',_binary '\0',_binary '\0','2025-07-08 21:04:05'),(71,60,432,'Nickname131',60,_binary '\0',_binary '\0',_binary '\0','2025-07-08 21:04:05'),(72,60,433,'Nickname132',60,_binary '',_binary '\0',_binary '\0','2025-07-08 21:04:05'),(73,60,434,'Nickname133',60,_binary '\0',_binary '\0',_binary '\0','2025-07-08 21:04:05'),(74,60,435,'Nickname134',60,_binary '',_binary '\0',_binary '\0','2025-07-08 21:04:05'),(61,61,436,'Nickname122',61,_binary '\0',_binary '',_binary '\0','2025-07-08 21:04:05'),(62,61,437,'Nickname123',61,_binary '',_binary '',_binary '\0','2025-07-08 21:04:05'),(63,61,438,'Nickname124',61,_binary '\0',_binary '',_binary '\0','2025-07-08 21:04:05'),(64,61,439,'Nickname125',61,_binary '',_binary '',_binary '','2025-07-08 21:04:05'),(65,61,440,'Nickname126',61,_binary '\0',_binary '',_binary '','2025-07-08 21:04:05'),(66,61,441,'Nickname127',61,_binary '',_binary '',_binary '','2025-07-08 21:04:05'),(67,61,442,'Nickname128',61,_binary '\0',_binary '\0',_binary '','2025-07-08 21:04:05'),(68,61,443,'Nickname129',61,_binary '',_binary '\0',_binary '','2025-07-08 21:04:05'),(69,61,444,'Nickname130',61,_binary '\0',_binary '\0',_binary '','2025-07-08 21:04:05'),(70,61,445,'Nickname131',61,_binary '',_binary '\0',_binary '\0','2025-07-08 21:04:05'),(71,61,446,'Nickname132',61,_binary '\0',_binary '\0',_binary '\0','2025-07-08 21:04:05'),(72,61,447,'Nickname133',61,_binary '',_binary '\0',_binary '\0','2025-07-08 21:04:05'),(73,61,448,'Nickname134',61,_binary '\0',_binary '\0',_binary '\0','2025-07-08 21:04:05'),(74,61,449,'Nickname135',61,_binary '',_binary '\0',_binary '\0','2025-07-08 21:04:05'),(75,61,450,'Nickname136',61,_binary '\0',_binary '\0',_binary '\0','2025-07-08 21:04:05'),(62,62,451,'Nickname124',62,_binary '',_binary '',_binary '\0','2025-07-08 21:04:05'),(63,62,452,'Nickname125',62,_binary '\0',_binary '',_binary '\0','2025-07-08 21:04:05'),(64,62,453,'Nickname126',62,_binary '',_binary '',_binary '\0','2025-07-08 21:04:05'),(65,62,454,'Nickname127',62,_binary '\0',_binary '',_binary '','2025-07-08 21:04:05'),(66,62,455,'Nickname128',62,_binary '',_binary '',_binary '','2025-07-08 21:04:05'),(67,62,456,'Nickname129',62,_binary '\0',_binary '',_binary '','2025-07-08 21:04:05'),(68,62,457,'Nickname130',62,_binary '',_binary '\0',_binary '','2025-07-08 21:04:05'),(69,62,458,'Nickname131',62,_binary '\0',_binary '\0',_binary '','2025-07-08 21:04:05'),(70,62,459,'Nickname132',62,_binary '',_binary '\0',_binary '','2025-07-08 21:04:05'),(71,62,460,'Nickname133',62,_binary '\0',_binary '\0',_binary '\0','2025-07-08 21:04:05'),(72,62,461,'Nickname134',62,_binary '',_binary '\0',_binary '\0','2025-07-08 21:04:05'),(73,62,462,'Nickname135',62,_binary '\0',_binary '\0',_binary '\0','2025-07-08 21:04:05'),(74,62,463,'Nickname136',62,_binary '',_binary '\0',_binary '\0','2025-07-08 21:04:05'),(75,62,464,'Nickname137',62,_binary '\0',_binary '\0',_binary '\0','2025-07-08 21:04:05'),(76,62,465,'Nickname138',62,_binary '',_binary '\0',_binary '\0','2025-07-08 21:04:05'),(63,63,466,'Nickname126',63,_binary '\0',_binary '',_binary '\0','2025-07-08 21:04:06'),(64,63,467,'Nickname127',63,_binary '',_binary '',_binary '\0','2025-07-08 21:04:06'),(65,63,468,'Nickname128',63,_binary '\0',_binary '',_binary '\0','2025-07-08 21:04:06'),(66,63,469,'Nickname129',63,_binary '',_binary '',_binary '','2025-07-08 21:04:06'),(67,63,470,'Nickname130',63,_binary '\0',_binary '',_binary '','2025-07-08 21:04:06'),(68,63,471,'Nickname131',63,_binary '',_binary '',_binary '','2025-07-08 21:04:06'),(69,63,472,'Nickname132',63,_binary '\0',_binary '\0',_binary '','2025-07-08 21:04:06'),(70,63,473,'Nickname133',63,_binary '',_binary '\0',_binary '','2025-07-08 21:04:06'),(71,63,474,'Nickname134',63,_binary '\0',_binary '\0',_binary '','2025-07-08 21:04:06'),(72,63,475,'Nickname135',63,_binary '',_binary '\0',_binary '\0','2025-07-08 21:04:06'),(73,63,476,'Nickname136',63,_binary '\0',_binary '\0',_binary '\0','2025-07-08 21:04:06'),(74,63,477,'Nickname137',63,_binary '',_binary '\0',_binary '\0','2025-07-08 21:04:06'),(75,63,478,'Nickname138',63,_binary '\0',_binary '\0',_binary '\0','2025-07-08 21:04:06'),(76,63,479,'Nickname139',63,_binary '',_binary '\0',_binary '\0','2025-07-08 21:04:06'),(77,63,480,'Nickname140',63,_binary '\0',_binary '\0',_binary '\0','2025-07-08 21:04:06'),(64,64,481,'Nickname128',64,_binary '',_binary '',_binary '\0','2025-07-08 21:04:06'),(65,64,482,'Nickname129',64,_binary '\0',_binary '',_binary '\0','2025-07-08 21:04:06'),(66,64,483,'Nickname130',64,_binary '',_binary '',_binary '\0','2025-07-08 21:04:06'),(67,64,484,'Nickname131',64,_binary '\0',_binary '',_binary '','2025-07-08 21:04:07'),(68,64,485,'Nickname132',64,_binary '',_binary '',_binary '','2025-07-08 21:04:07'),(69,64,486,'Nickname133',64,_binary '\0',_binary '',_binary '','2025-07-08 21:04:07'),(70,64,487,'Nickname134',64,_binary '',_binary '\0',_binary '','2025-07-08 21:04:07'),(71,64,488,'Nickname135',64,_binary '\0',_binary '\0',_binary '','2025-07-08 21:04:07'),(72,64,489,'Nickname136',64,_binary '',_binary '\0',_binary '','2025-07-08 21:04:07'),(73,64,490,'Nickname137',64,_binary '\0',_binary '\0',_binary '\0','2025-07-08 21:04:07'),(74,64,491,'Nickname138',64,_binary '',_binary '\0',_binary '\0','2025-07-08 21:04:07'),(75,64,492,'Nickname139',64,_binary '\0',_binary '\0',_binary '\0','2025-07-08 21:04:07'),(76,64,493,'Nickname140',64,_binary '',_binary '\0',_binary '\0','2025-07-08 21:04:07'),(77,64,494,'Nickname141',64,_binary '\0',_binary '\0',_binary '\0','2025-07-08 21:04:07'),(78,64,495,'Nickname142',64,_binary '',_binary '\0',_binary '\0','2025-07-08 21:04:07'),(79,64,496,'Nickname143',64,_binary '\0',_binary '\0',_binary '\0','2025-07-08 21:04:07'),(65,65,497,'Nickname130',65,_binary '\0',_binary '',_binary '\0','2025-07-08 21:04:07'),(66,65,498,'Nickname131',65,_binary '',_binary '',_binary '\0','2025-07-08 21:04:07'),(67,65,499,'Nickname132',65,_binary '\0',_binary '',_binary '\0','2025-07-08 21:04:07'),(68,65,500,'Nickname133',65,_binary '',_binary '',_binary '','2025-07-08 21:04:07'),(69,65,501,'Nickname134',65,_binary '\0',_binary '',_binary '','2025-07-08 21:04:07'),(70,65,502,'Nickname135',65,_binary '',_binary '',_binary '','2025-07-08 21:04:07'),(71,65,503,'Nickname136',65,_binary '\0',_binary '\0',_binary '','2025-07-08 21:04:07'),(72,65,504,'Nickname137',65,_binary '',_binary '\0',_binary '','2025-07-08 21:04:07'),(73,65,505,'Nickname138',65,_binary '\0',_binary '\0',_binary '','2025-07-08 21:04:07'),(74,65,506,'Nickname139',65,_binary '',_binary '\0',_binary '\0','2025-07-08 21:04:07'),(75,65,507,'Nickname140',65,_binary '\0',_binary '\0',_binary '\0','2025-07-08 21:04:07'),(76,65,508,'Nickname141',65,_binary '',_binary '\0',_binary '\0','2025-07-08 21:04:07'),(77,65,509,'Nickname142',65,_binary '\0',_binary '\0',_binary '\0','2025-07-08 21:04:07'),(78,65,510,'Nickname143',65,_binary '',_binary '\0',_binary '\0','2025-07-08 21:04:07'),(79,65,511,'Nickname144',65,_binary '\0',_binary '\0',_binary '\0','2025-07-08 21:04:07'),(80,65,512,'Nickname145',65,_binary '',_binary '\0',_binary '\0','2025-07-08 21:04:07'),(66,66,513,'Nickname132',66,_binary '',_binary '',_binary '\0','2025-07-08 21:04:07'),(67,66,514,'Nickname133',66,_binary '\0',_binary '',_binary '\0','2025-07-08 21:04:07'),(68,66,515,'Nickname134',66,_binary '',_binary '',_binary '\0','2025-07-08 21:04:07'),(69,66,516,'Nickname135',66,_binary '\0',_binary '',_binary '','2025-07-08 21:04:08'),(70,66,517,'Nickname136',66,_binary '',_binary '',_binary '','2025-07-08 21:04:08'),(71,66,518,'Nickname137',66,_binary '\0',_binary '',_binary '','2025-07-08 21:04:08'),(72,66,519,'Nickname138',66,_binary '',_binary '\0',_binary '','2025-07-08 21:04:08'),(73,66,520,'Nickname139',66,_binary '\0',_binary '\0',_binary '','2025-07-08 21:04:08'),(74,66,521,'Nickname140',66,_binary '',_binary '\0',_binary '','2025-07-08 21:04:08'),(75,66,522,'Nickname141',66,_binary '\0',_binary '\0',_binary '\0','2025-07-08 21:04:08'),(76,66,523,'Nickname142',66,_binary '',_binary '\0',_binary '\0','2025-07-08 21:04:08'),(77,66,524,'Nickname143',66,_binary '\0',_binary '\0',_binary '\0','2025-07-08 21:04:08'),(78,66,525,'Nickname144',66,_binary '',_binary '\0',_binary '\0','2025-07-08 21:04:08'),(79,66,526,'Nickname145',66,_binary '\0',_binary '\0',_binary '\0','2025-07-08 21:04:08'),(80,66,527,'Nickname146',66,_binary '',_binary '\0',_binary '\0','2025-07-08 21:04:08'),(81,66,528,'Nickname147',66,_binary '\0',_binary '\0',_binary '\0','2025-07-08 21:04:08'),(67,67,529,'Nickname134',67,_binary '\0',_binary '',_binary '\0','2025-07-08 21:04:08'),(68,67,530,'Nickname135',67,_binary '',_binary '',_binary '\0','2025-07-08 21:04:08'),(69,67,531,'Nickname136',67,_binary '\0',_binary '',_binary '\0','2025-07-08 21:04:08'),(70,67,532,'Nickname137',67,_binary '',_binary '',_binary '','2025-07-08 21:04:08'),(71,67,533,'Nickname138',67,_binary '\0',_binary '',_binary '','2025-07-08 21:04:08'),(72,67,534,'Nickname139',67,_binary '',_binary '',_binary '','2025-07-08 21:04:08'),(73,67,535,'Nickname140',67,_binary '\0',_binary '\0',_binary '','2025-07-08 21:04:08'),(74,67,536,'Nickname141',67,_binary '',_binary '\0',_binary '','2025-07-08 21:04:08'),(75,67,537,'Nickname142',67,_binary '\0',_binary '\0',_binary '','2025-07-08 21:04:08'),(76,67,538,'Nickname143',67,_binary '',_binary '\0',_binary '\0','2025-07-08 21:04:08'),(77,67,539,'Nickname144',67,_binary '\0',_binary '\0',_binary '\0','2025-07-08 21:04:08'),(78,67,540,'Nickname145',67,_binary '',_binary '\0',_binary '\0','2025-07-08 21:04:08'),(79,67,541,'Nickname146',67,_binary '\0',_binary '\0',_binary '\0','2025-07-08 21:04:08'),(80,67,542,'Nickname147',67,_binary '',_binary '\0',_binary '\0','2025-07-08 21:04:08'),(81,67,543,'Nickname148',67,_binary '\0',_binary '\0',_binary '\0','2025-07-08 21:04:08'),(82,67,544,'Nickname149',67,_binary '',_binary '\0',_binary '\0','2025-07-08 21:04:08'),(68,68,545,'Nickname136',68,_binary '',_binary '',_binary '\0','2025-07-08 21:04:08'),(69,68,546,'Nickname137',68,_binary '\0',_binary '',_binary '\0','2025-07-08 21:04:08'),(70,68,547,'Nickname138',68,_binary '',_binary '',_binary '\0','2025-07-08 21:04:08'),(71,68,548,'Nickname139',68,_binary '\0',_binary '',_binary '','2025-07-08 21:04:08'),(72,68,549,'Nickname140',68,_binary '',_binary '',_binary '','2025-07-08 21:04:08'),(73,68,550,'Nickname141',68,_binary '\0',_binary '',_binary '','2025-07-08 21:04:08'),(74,68,551,'Nickname142',68,_binary '',_binary '\0',_binary '','2025-07-08 21:04:08'),(75,68,552,'Nickname143',68,_binary '\0',_binary '\0',_binary '','2025-07-08 21:04:08'),(76,68,553,'Nickname144',68,_binary '',_binary '\0',_binary '','2025-07-08 21:04:08'),(77,68,554,'Nickname145',68,_binary '\0',_binary '\0',_binary '\0','2025-07-08 21:04:08'),(78,68,555,'Nickname146',68,_binary '',_binary '\0',_binary '\0','2025-07-08 21:04:08'),(79,68,556,'Nickname147',68,_binary '\0',_binary '\0',_binary '\0','2025-07-08 21:04:09'),(80,68,557,'Nickname148',68,_binary '',_binary '\0',_binary '\0','2025-07-08 21:04:09'),(81,68,558,'Nickname149',68,_binary '\0',_binary '\0',_binary '\0','2025-07-08 21:04:09'),(82,68,559,'Nickname150',68,_binary '',_binary '\0',_binary '\0','2025-07-08 21:04:09'),(83,68,560,'Nickname151',68,_binary '\0',_binary '\0',_binary '\0','2025-07-08 21:04:09'),(84,68,561,'Nickname152',68,_binary '',_binary '\0',_binary '\0','2025-07-08 21:04:09'),(69,69,562,'Nickname138',69,_binary '\0',_binary '',_binary '\0','2025-07-08 21:04:09'),(70,69,563,'Nickname139',69,_binary '',_binary '',_binary '\0','2025-07-08 21:04:09'),(71,69,564,'Nickname140',69,_binary '\0',_binary '',_binary '\0','2025-07-08 21:04:09'),(72,69,565,'Nickname141',69,_binary '',_binary '',_binary '','2025-07-08 21:04:09'),(73,69,566,'Nickname142',69,_binary '\0',_binary '',_binary '','2025-07-08 21:04:09'),(74,69,567,'Nickname143',69,_binary '',_binary '',_binary '','2025-07-08 21:04:09'),(75,69,568,'Nickname144',69,_binary '\0',_binary '\0',_binary '','2025-07-08 21:04:09'),(76,69,569,'Nickname145',69,_binary '',_binary '\0',_binary '','2025-07-08 21:04:09'),(77,69,570,'Nickname146',69,_binary '\0',_binary '\0',_binary '','2025-07-08 21:04:09'),(78,69,571,'Nickname147',69,_binary '',_binary '\0',_binary '\0','2025-07-08 21:04:09'),(79,69,572,'Nickname148',69,_binary '\0',_binary '\0',_binary '\0','2025-07-08 21:04:09'),(80,69,573,'Nickname149',69,_binary '',_binary '\0',_binary '\0','2025-07-08 21:04:09'),(81,69,574,'Nickname150',69,_binary '\0',_binary '\0',_binary '\0','2025-07-08 21:04:10'),(82,69,575,'Nickname151',69,_binary '',_binary '\0',_binary '\0','2025-07-08 21:04:10'),(83,69,576,'Nickname152',69,_binary '\0',_binary '\0',_binary '\0','2025-07-08 21:04:10'),(84,69,577,'Nickname153',69,_binary '',_binary '\0',_binary '\0','2025-07-08 21:04:10'),(85,69,578,'Nickname154',69,_binary '\0',_binary '\0',_binary '\0','2025-07-08 21:04:10'),(70,70,579,'Nickname140',70,_binary '',_binary '',_binary '\0','2025-07-08 21:04:10'),(71,70,580,'Nickname141',70,_binary '\0',_binary '',_binary '\0','2025-07-08 21:04:10'),(72,70,581,'Nickname142',70,_binary '',_binary '',_binary '\0','2025-07-08 21:04:10'),(73,70,582,'Nickname143',70,_binary '\0',_binary '',_binary '','2025-07-08 21:04:10'),(74,70,583,'Nickname144',70,_binary '',_binary '',_binary '','2025-07-08 21:04:10'),(75,70,584,'Nickname145',70,_binary '\0',_binary '',_binary '','2025-07-08 21:04:10'),(76,70,585,'Nickname146',70,_binary '',_binary '\0',_binary '','2025-07-08 21:04:10'),(77,70,586,'Nickname147',70,_binary '\0',_binary '\0',_binary '','2025-07-08 21:04:10'),(78,70,587,'Nickname148',70,_binary '',_binary '\0',_binary '','2025-07-08 21:04:10'),(79,70,588,'Nickname149',70,_binary '\0',_binary '\0',_binary '\0','2025-07-08 21:04:10'),(80,70,589,'Nickname150',70,_binary '',_binary '\0',_binary '\0','2025-07-08 21:04:10'),(81,70,590,'Nickname151',70,_binary '\0',_binary '\0',_binary '\0','2025-07-08 21:04:10'),(82,70,591,'Nickname152',70,_binary '',_binary '\0',_binary '\0','2025-07-08 21:04:10'),(83,70,592,'Nickname153',70,_binary '\0',_binary '\0',_binary '\0','2025-07-08 21:04:10'),(84,70,593,'Nickname154',70,_binary '',_binary '\0',_binary '\0','2025-07-08 21:04:10'),(85,70,594,'Nickname155',70,_binary '\0',_binary '\0',_binary '\0','2025-07-08 21:04:10'),(86,70,595,'Nickname156',70,_binary '',_binary '\0',_binary '\0','2025-07-08 21:04:10'),(71,71,596,'Nickname142',71,_binary '\0',_binary '',_binary '\0','2025-07-08 21:04:10'),(72,71,597,'Nickname143',71,_binary '',_binary '',_binary '\0','2025-07-08 21:04:10'),(73,71,598,'Nickname144',71,_binary '\0',_binary '',_binary '\0','2025-07-08 21:04:10'),(74,71,599,'Nickname145',71,_binary '',_binary '',_binary '','2025-07-08 21:04:10'),(75,71,600,'Nickname146',71,_binary '\0',_binary '',_binary '','2025-07-08 21:04:10'),(76,71,601,'Nickname147',71,_binary '',_binary '',_binary '','2025-07-08 21:04:10'),(77,71,602,'Nickname148',71,_binary '\0',_binary '\0',_binary '','2025-07-08 21:04:10'),(78,71,603,'Nickname149',71,_binary '',_binary '\0',_binary '','2025-07-08 21:04:10'),(79,71,604,'Nickname150',71,_binary '\0',_binary '\0',_binary '','2025-07-08 21:04:10'),(80,71,605,'Nickname151',71,_binary '',_binary '\0',_binary '\0','2025-07-08 21:04:10'),(81,71,606,'Nickname152',71,_binary '\0',_binary '\0',_binary '\0','2025-07-08 21:04:10'),(82,71,607,'Nickname153',71,_binary '',_binary '\0',_binary '\0','2025-07-08 21:04:10'),(83,71,608,'Nickname154',71,_binary '\0',_binary '\0',_binary '\0','2025-07-08 21:04:10'),(84,71,609,'Nickname155',71,_binary '',_binary '\0',_binary '\0','2025-07-08 21:04:10'),(85,71,610,'Nickname156',71,_binary '\0',_binary '\0',_binary '\0','2025-07-08 21:04:10'),(86,71,611,'Nickname157',71,_binary '',_binary '\0',_binary '\0','2025-07-08 21:04:11'),(87,71,612,'Nickname158',71,_binary '\0',_binary '\0',_binary '\0','2025-07-08 21:04:11'),(72,72,613,'Nickname144',72,_binary '',_binary '',_binary '\0','2025-07-08 21:04:11'),(73,72,614,'Nickname145',72,_binary '\0',_binary '',_binary '\0','2025-07-08 21:04:11'),(74,72,615,'Nickname146',72,_binary '',_binary '',_binary '\0','2025-07-08 21:04:11'),(75,72,616,'Nickname147',72,_binary '\0',_binary '',_binary '','2025-07-08 21:04:11'),(76,72,617,'Nickname148',72,_binary '',_binary '',_binary '','2025-07-08 21:04:11'),(77,72,618,'Nickname149',72,_binary '\0',_binary '',_binary '','2025-07-08 21:04:11'),(78,72,619,'Nickname150',72,_binary '',_binary '\0',_binary '','2025-07-08 21:04:11'),(79,72,620,'Nickname151',72,_binary '\0',_binary '\0',_binary '','2025-07-08 21:04:11'),(80,72,621,'Nickname152',72,_binary '',_binary '\0',_binary '','2025-07-08 21:04:11'),(81,72,622,'Nickname153',72,_binary '\0',_binary '\0',_binary '\0','2025-07-08 21:04:11'),(82,72,623,'Nickname154',72,_binary '',_binary '\0',_binary '\0','2025-07-08 21:04:11'),(83,72,624,'Nickname155',72,_binary '\0',_binary '\0',_binary '\0','2025-07-08 21:04:11'),(84,72,625,'Nickname156',72,_binary '',_binary '\0',_binary '\0','2025-07-08 21:04:11'),(85,72,626,'Nickname157',72,_binary '\0',_binary '\0',_binary '\0','2025-07-08 21:04:11'),(86,72,627,'Nickname158',72,_binary '',_binary '\0',_binary '\0','2025-07-08 21:04:11'),(87,72,628,'Nickname159',72,_binary '\0',_binary '\0',_binary '\0','2025-07-08 21:04:11'),(88,72,629,'Nickname160',72,_binary '',_binary '\0',_binary '\0','2025-07-08 21:04:11'),(89,72,630,'Nickname161',72,_binary '\0',_binary '\0',_binary '\0','2025-07-08 21:04:11'),(73,73,631,'Nickname146',73,_binary '\0',_binary '',_binary '\0','2025-07-08 21:04:11'),(74,73,632,'Nickname147',73,_binary '',_binary '',_binary '\0','2025-07-08 21:04:11'),(75,73,633,'Nickname148',73,_binary '\0',_binary '',_binary '\0','2025-07-08 21:04:11'),(76,73,634,'Nickname149',73,_binary '',_binary '',_binary '','2025-07-08 21:04:12'),(77,73,635,'Nickname150',73,_binary '\0',_binary '',_binary '','2025-07-08 21:04:12'),(78,73,636,'Nickname151',73,_binary '',_binary '',_binary '','2025-07-08 21:04:12'),(79,73,637,'Nickname152',73,_binary '\0',_binary '\0',_binary '','2025-07-08 21:04:12'),(80,73,638,'Nickname153',73,_binary '',_binary '\0',_binary '','2025-07-08 21:04:12'),(81,73,639,'Nickname154',73,_binary '\0',_binary '\0',_binary '','2025-07-08 21:04:12'),(82,73,640,'Nickname155',73,_binary '',_binary '\0',_binary '\0','2025-07-08 21:04:12'),(83,73,641,'Nickname156',73,_binary '\0',_binary '\0',_binary '\0','2025-07-08 21:04:12'),(84,73,642,'Nickname157',73,_binary '',_binary '\0',_binary '\0','2025-07-08 21:04:12'),(85,73,643,'Nickname158',73,_binary '\0',_binary '\0',_binary '\0','2025-07-08 21:04:12'),(86,73,644,'Nickname159',73,_binary '',_binary '\0',_binary '\0','2025-07-08 21:04:12'),(87,73,645,'Nickname160',73,_binary '\0',_binary '\0',_binary '\0','2025-07-08 21:04:12'),(88,73,646,'Nickname161',73,_binary '',_binary '\0',_binary '\0','2025-07-08 21:04:12'),(89,73,647,'Nickname162',73,_binary '\0',_binary '\0',_binary '\0','2025-07-08 21:04:12'),(90,73,648,'Nickname163',73,_binary '',_binary '\0',_binary '\0','2025-07-08 21:04:12'),(74,74,649,'Nickname148',74,_binary '',_binary '',_binary '\0','2025-07-08 21:04:12'),(75,74,650,'Nickname149',74,_binary '\0',_binary '',_binary '\0','2025-07-08 21:04:12'),(76,74,651,'Nickname150',74,_binary '',_binary '',_binary '\0','2025-07-08 21:04:12'),(77,74,652,'Nickname151',74,_binary '\0',_binary '',_binary '','2025-07-08 21:04:12'),(78,74,653,'Nickname152',74,_binary '',_binary '',_binary '','2025-07-08 21:04:12'),(79,74,654,'Nickname153',74,_binary '\0',_binary '',_binary '','2025-07-08 21:04:12'),(80,74,655,'Nickname154',74,_binary '',_binary '\0',_binary '','2025-07-08 21:04:12'),(81,74,656,'Nickname155',74,_binary '\0',_binary '\0',_binary '','2025-07-08 21:04:12'),(82,74,657,'Nickname156',74,_binary '',_binary '\0',_binary '','2025-07-08 21:04:12'),(83,74,658,'Nickname157',74,_binary '\0',_binary '\0',_binary '\0','2025-07-08 21:04:12'),(84,74,659,'Nickname158',74,_binary '',_binary '\0',_binary '\0','2025-07-08 21:04:12'),(85,74,660,'Nickname159',74,_binary '\0',_binary '\0',_binary '\0','2025-07-08 21:04:12'),(86,74,661,'Nickname160',74,_binary '',_binary '\0',_binary '\0','2025-07-08 21:04:13'),(87,74,662,'Nickname161',74,_binary '\0',_binary '\0',_binary '\0','2025-07-08 21:04:13'),(88,74,663,'Nickname162',74,_binary '',_binary '\0',_binary '\0','2025-07-08 21:04:13'),(89,74,664,'Nickname163',74,_binary '\0',_binary '\0',_binary '\0','2025-07-08 21:04:13'),(90,74,665,'Nickname164',74,_binary '',_binary '\0',_binary '\0','2025-07-08 21:04:13'),(91,74,666,'Nickname165',74,_binary '\0',_binary '\0',_binary '\0','2025-07-08 21:04:13'),(75,75,667,'Nickname150',75,_binary '\0',_binary '',_binary '\0','2025-07-08 21:04:13'),(76,75,668,'Nickname151',75,_binary '',_binary '',_binary '\0','2025-07-08 21:04:13'),(77,75,669,'Nickname152',75,_binary '\0',_binary '',_binary '\0','2025-07-08 21:04:13'),(78,75,670,'Nickname153',75,_binary '',_binary '',_binary '','2025-07-08 21:04:13'),(79,75,671,'Nickname154',75,_binary '\0',_binary '',_binary '','2025-07-08 21:04:13'),(80,75,672,'Nickname155',75,_binary '',_binary '',_binary '','2025-07-08 21:04:13'),(81,75,673,'Nickname156',75,_binary '\0',_binary '\0',_binary '','2025-07-08 21:04:13'),(82,75,674,'Nickname157',75,_binary '',_binary '\0',_binary '','2025-07-08 21:04:13'),(83,75,675,'Nickname158',75,_binary '\0',_binary '\0',_binary '','2025-07-08 21:04:13'),(84,75,676,'Nickname159',75,_binary '',_binary '\0',_binary '\0','2025-07-08 21:04:13'),(85,75,677,'Nickname160',75,_binary '\0',_binary '\0',_binary '\0','2025-07-08 21:04:13'),(86,75,678,'Nickname161',75,_binary '',_binary '\0',_binary '\0','2025-07-08 21:04:13'),(87,75,679,'Nickname162',75,_binary '\0',_binary '\0',_binary '\0','2025-07-08 21:04:13'),(88,75,680,'Nickname163',75,_binary '',_binary '\0',_binary '\0','2025-07-08 21:04:13'),(89,75,681,'Nickname164',75,_binary '\0',_binary '\0',_binary '\0','2025-07-08 21:04:13'),(90,75,682,'Nickname165',75,_binary '',_binary '\0',_binary '\0','2025-07-08 21:04:13'),(91,75,683,'Nickname166',75,_binary '\0',_binary '\0',_binary '\0','2025-07-08 21:04:13'),(92,75,684,'Nickname167',75,_binary '',_binary '\0',_binary '\0','2025-07-08 21:04:13'),(76,76,685,'Nickname152',76,_binary '',_binary '',_binary '\0','2025-07-08 21:04:13'),(77,76,686,'Nickname153',76,_binary '\0',_binary '',_binary '\0','2025-07-08 21:04:13'),(78,76,687,'Nickname154',76,_binary '',_binary '',_binary '\0','2025-07-08 21:04:13'),(79,76,688,'Nickname155',76,_binary '\0',_binary '',_binary '','2025-07-08 21:04:13'),(80,76,689,'Nickname156',76,_binary '',_binary '',_binary '','2025-07-08 21:04:13'),(81,76,690,'Nickname157',76,_binary '\0',_binary '',_binary '','2025-07-08 21:04:13'),(82,76,691,'Nickname158',76,_binary '',_binary '\0',_binary '','2025-07-08 21:04:13'),(83,76,692,'Nickname159',76,_binary '\0',_binary '\0',_binary '','2025-07-08 21:04:13'),(84,76,693,'Nickname160',76,_binary '',_binary '\0',_binary '','2025-07-08 21:04:13'),(85,76,694,'Nickname161',76,_binary '\0',_binary '\0',_binary '\0','2025-07-08 21:04:13'),(86,76,695,'Nickname162',76,_binary '',_binary '\0',_binary '\0','2025-07-08 21:04:13'),(87,76,696,'Nickname163',76,_binary '\0',_binary '\0',_binary '\0','2025-07-08 21:04:14'),(88,76,697,'Nickname164',76,_binary '',_binary '\0',_binary '\0','2025-07-08 21:04:14'),(89,76,698,'Nickname165',76,_binary '\0',_binary '\0',_binary '\0','2025-07-08 21:04:14'),(90,76,699,'Nickname166',76,_binary '',_binary '\0',_binary '\0','2025-07-08 21:04:14'),(91,76,700,'Nickname167',76,_binary '\0',_binary '\0',_binary '\0','2025-07-08 21:04:14'),(92,76,701,'Nickname168',76,_binary '',_binary '\0',_binary '\0','2025-07-08 21:04:14'),(93,76,702,'Nickname169',76,_binary '\0',_binary '\0',_binary '\0','2025-07-08 21:04:14'),(94,76,703,'Nickname170',76,_binary '',_binary '\0',_binary '\0','2025-07-08 21:04:14'),(77,77,704,'Nickname154',77,_binary '\0',_binary '',_binary '\0','2025-07-08 21:04:14'),(78,77,705,'Nickname155',77,_binary '',_binary '',_binary '\0','2025-07-08 21:04:14'),(79,77,706,'Nickname156',77,_binary '\0',_binary '',_binary '\0','2025-07-08 21:04:14'),(80,77,707,'Nickname157',77,_binary '',_binary '',_binary '','2025-07-08 21:04:14'),(81,77,708,'Nickname158',77,_binary '\0',_binary '',_binary '','2025-07-08 21:04:14'),(82,77,709,'Nickname159',77,_binary '',_binary '',_binary '','2025-07-08 21:04:14'),(83,77,710,'Nickname160',77,_binary '\0',_binary '\0',_binary '','2025-07-08 21:04:14'),(84,77,711,'Nickname161',77,_binary '',_binary '\0',_binary '','2025-07-08 21:04:14'),(85,77,712,'Nickname162',77,_binary '\0',_binary '\0',_binary '','2025-07-08 21:04:14'),(86,77,713,'Nickname163',77,_binary '',_binary '\0',_binary '\0','2025-07-08 21:04:14'),(87,77,714,'Nickname164',77,_binary '\0',_binary '\0',_binary '\0','2025-07-08 21:04:14'),(88,77,715,'Nickname165',77,_binary '',_binary '\0',_binary '\0','2025-07-08 21:04:14'),(89,77,716,'Nickname166',77,_binary '\0',_binary '\0',_binary '\0','2025-07-08 21:04:14'),(90,77,717,'Nickname167',77,_binary '',_binary '\0',_binary '\0','2025-07-08 21:04:14'),(91,77,718,'Nickname168',77,_binary '\0',_binary '\0',_binary '\0','2025-07-08 21:04:14'),(92,77,719,'Nickname169',77,_binary '',_binary '\0',_binary '\0','2025-07-08 21:04:14'),(93,77,720,'Nickname170',77,_binary '\0',_binary '\0',_binary '\0','2025-07-08 21:04:14'),(94,77,721,'Nickname171',77,_binary '',_binary '\0',_binary '\0','2025-07-08 21:04:14'),(95,77,722,'Nickname172',77,_binary '\0',_binary '\0',_binary '\0','2025-07-08 21:04:14'),(78,78,723,'Nickname156',78,_binary '',_binary '',_binary '\0','2025-07-08 21:04:14'),(79,78,724,'Nickname157',78,_binary '\0',_binary '',_binary '\0','2025-07-08 21:04:14'),(80,78,725,'Nickname158',78,_binary '',_binary '',_binary '\0','2025-07-08 21:04:15'),(81,78,726,'Nickname159',78,_binary '\0',_binary '',_binary '','2025-07-08 21:04:15'),(82,78,727,'Nickname160',78,_binary '',_binary '',_binary '','2025-07-08 21:04:15'),(83,78,728,'Nickname161',78,_binary '\0',_binary '',_binary '','2025-07-08 21:04:15'),(84,78,729,'Nickname162',78,_binary '',_binary '\0',_binary '','2025-07-08 21:04:15'),(85,78,730,'Nickname163',78,_binary '\0',_binary '\0',_binary '','2025-07-08 21:04:15'),(86,78,731,'Nickname164',78,_binary '',_binary '\0',_binary '','2025-07-08 21:04:15'),(87,78,732,'Nickname165',78,_binary '\0',_binary '\0',_binary '\0','2025-07-08 21:04:15'),(88,78,733,'Nickname166',78,_binary '',_binary '\0',_binary '\0','2025-07-08 21:04:15'),(89,78,734,'Nickname167',78,_binary '\0',_binary '\0',_binary '\0','2025-07-08 21:04:15'),(90,78,735,'Nickname168',78,_binary '',_binary '\0',_binary '\0','2025-07-08 21:04:15'),(91,78,736,'Nickname169',78,_binary '\0',_binary '\0',_binary '\0','2025-07-08 21:04:15'),(92,78,737,'Nickname170',78,_binary '',_binary '\0',_binary '\0','2025-07-08 21:04:15'),(93,78,738,'Nickname171',78,_binary '\0',_binary '\0',_binary '\0','2025-07-08 21:04:15'),(94,78,739,'Nickname172',78,_binary '',_binary '\0',_binary '\0','2025-07-08 21:04:15'),(95,78,740,'Nickname173',78,_binary '\0',_binary '\0',_binary '\0','2025-07-08 21:04:15'),(96,78,741,'Nickname174',78,_binary '',_binary '\0',_binary '\0','2025-07-08 21:04:15'),(79,79,742,'Nickname158',79,_binary '\0',_binary '',_binary '\0','2025-07-08 21:04:15'),(80,79,743,'Nickname159',79,_binary '',_binary '',_binary '\0','2025-07-08 21:04:15'),(81,79,744,'Nickname160',79,_binary '\0',_binary '',_binary '\0','2025-07-08 21:04:15'),(82,79,745,'Nickname161',79,_binary '',_binary '',_binary '','2025-07-08 21:04:16'),(83,79,746,'Nickname162',79,_binary '\0',_binary '',_binary '','2025-07-08 21:04:16'),(84,79,747,'Nickname163',79,_binary '',_binary '',_binary '','2025-07-08 21:04:16'),(85,79,748,'Nickname164',79,_binary '\0',_binary '\0',_binary '','2025-07-08 21:04:16'),(86,79,749,'Nickname165',79,_binary '',_binary '\0',_binary '','2025-07-08 21:04:16'),(87,79,750,'Nickname166',79,_binary '\0',_binary '\0',_binary '','2025-07-08 21:04:16'),(88,79,751,'Nickname167',79,_binary '',_binary '\0',_binary '\0','2025-07-08 21:04:16'),(89,79,752,'Nickname168',79,_binary '\0',_binary '\0',_binary '\0','2025-07-08 21:04:16'),(90,79,753,'Nickname169',79,_binary '',_binary '\0',_binary '\0','2025-07-08 21:04:16'),(91,79,754,'Nickname170',79,_binary '\0',_binary '\0',_binary '\0','2025-07-08 21:04:16'),(92,79,755,'Nickname171',79,_binary '',_binary '\0',_binary '\0','2025-07-08 21:04:16'),(93,79,756,'Nickname172',79,_binary '\0',_binary '\0',_binary '\0','2025-07-08 21:04:16'),(94,79,757,'Nickname173',79,_binary '',_binary '\0',_binary '\0','2025-07-08 21:04:16'),(95,79,758,'Nickname174',79,_binary '\0',_binary '\0',_binary '\0','2025-07-08 21:04:16'),(96,79,759,'Nickname175',79,_binary '',_binary '\0',_binary '\0','2025-07-08 21:04:16'),(97,79,760,'Nickname176',79,_binary '\0',_binary '\0',_binary '\0','2025-07-08 21:04:16'),(80,80,761,'Nickname160',80,_binary '',_binary '',_binary '\0','2025-07-08 21:04:16'),(81,80,762,'Nickname161',80,_binary '\0',_binary '',_binary '\0','2025-07-08 21:04:16'),(82,80,763,'Nickname162',80,_binary '',_binary '',_binary '\0','2025-07-08 21:04:16'),(83,80,764,'Nickname163',80,_binary '\0',_binary '',_binary '','2025-07-08 21:04:16'),(84,80,765,'Nickname164',80,_binary '',_binary '',_binary '','2025-07-08 21:04:16'),(85,80,766,'Nickname165',80,_binary '\0',_binary '',_binary '','2025-07-08 21:04:16'),(86,80,767,'Nickname166',80,_binary '',_binary '\0',_binary '','2025-07-08 21:04:16'),(87,80,768,'Nickname167',80,_binary '\0',_binary '\0',_binary '','2025-07-08 21:04:16'),(88,80,769,'Nickname168',80,_binary '',_binary '\0',_binary '','2025-07-08 21:04:16'),(89,80,770,'Nickname169',80,_binary '\0',_binary '\0',_binary '\0','2025-07-08 21:04:16'),(90,80,771,'Nickname170',80,_binary '',_binary '\0',_binary '\0','2025-07-08 21:04:16'),(91,80,772,'Nickname171',80,_binary '\0',_binary '\0',_binary '\0','2025-07-08 21:04:16'),(92,80,773,'Nickname172',80,_binary '',_binary '\0',_binary '\0','2025-07-08 21:04:16'),(93,80,774,'Nickname173',80,_binary '\0',_binary '\0',_binary '\0','2025-07-08 21:04:16'),(94,80,775,'Nickname174',80,_binary '',_binary '\0',_binary '\0','2025-07-08 21:04:16'),(95,80,776,'Nickname175',80,_binary '\0',_binary '\0',_binary '\0','2025-07-08 21:04:16'),(96,80,777,'Nickname176',80,_binary '',_binary '\0',_binary '\0','2025-07-08 21:04:16'),(97,80,778,'Nickname177',80,_binary '\0',_binary '\0',_binary '\0','2025-07-08 21:04:16'),(98,80,779,'Nickname178',80,_binary '',_binary '\0',_binary '\0','2025-07-08 21:04:16'),(99,80,780,'Nickname179',80,_binary '\0',_binary '\0',_binary '\0','2025-07-08 21:04:16'),(81,81,781,'Nickname162',81,_binary '\0',_binary '',_binary '\0','2025-07-08 21:04:16'),(82,81,782,'Nickname163',81,_binary '',_binary '',_binary '\0','2025-07-08 21:04:16'),(83,81,783,'Nickname164',81,_binary '\0',_binary '',_binary '\0','2025-07-08 21:04:16'),(84,81,784,'Nickname165',81,_binary '',_binary '',_binary '','2025-07-08 21:04:16'),(85,81,785,'Nickname166',81,_binary '\0',_binary '',_binary '','2025-07-08 21:04:16'),(86,81,786,'Nickname167',81,_binary '',_binary '',_binary '','2025-07-08 21:04:17'),(87,81,787,'Nickname168',81,_binary '\0',_binary '\0',_binary '','2025-07-08 21:04:17'),(88,81,788,'Nickname169',81,_binary '',_binary '\0',_binary '','2025-07-08 21:04:17'),(89,81,789,'Nickname170',81,_binary '\0',_binary '\0',_binary '','2025-07-08 21:04:17'),(90,81,790,'Nickname171',81,_binary '',_binary '\0',_binary '\0','2025-07-08 21:04:17'),(91,81,791,'Nickname172',81,_binary '\0',_binary '\0',_binary '\0','2025-07-08 21:04:17'),(92,81,792,'Nickname173',81,_binary '',_binary '\0',_binary '\0','2025-07-08 21:04:17'),(93,81,793,'Nickname174',81,_binary '\0',_binary '\0',_binary '\0','2025-07-08 21:04:17'),(94,81,794,'Nickname175',81,_binary '',_binary '\0',_binary '\0','2025-07-08 21:04:17'),(95,81,795,'Nickname176',81,_binary '\0',_binary '\0',_binary '\0','2025-07-08 21:04:17'),(96,81,796,'Nickname177',81,_binary '',_binary '\0',_binary '\0','2025-07-08 21:04:17'),(97,81,797,'Nickname178',81,_binary '\0',_binary '\0',_binary '\0','2025-07-08 21:04:17'),(98,81,798,'Nickname179',81,_binary '',_binary '\0',_binary '\0','2025-07-08 21:04:17'),(99,81,799,'Nickname180',81,_binary '\0',_binary '\0',_binary '\0','2025-07-08 21:04:17'),(100,81,800,'Nickname181',81,_binary '',_binary '\0',_binary '\0','2025-07-08 21:04:17'),(82,82,801,'Nickname164',82,_binary '',_binary '',_binary '\0','2025-07-08 21:04:17'),(83,82,802,'Nickname165',82,_binary '\0',_binary '',_binary '\0','2025-07-08 21:04:17'),(84,82,803,'Nickname166',82,_binary '',_binary '',_binary '\0','2025-07-08 21:04:17'),(85,82,804,'Nickname167',82,_binary '\0',_binary '',_binary '','2025-07-08 21:04:17'),(86,82,805,'Nickname168',82,_binary '',_binary '',_binary '','2025-07-08 21:04:17'),(87,82,806,'Nickname169',82,_binary '\0',_binary '',_binary '','2025-07-08 21:04:17'),(88,82,807,'Nickname170',82,_binary '',_binary '\0',_binary '','2025-07-08 21:04:17'),(89,82,808,'Nickname171',82,_binary '\0',_binary '\0',_binary '','2025-07-08 21:04:17'),(90,82,809,'Nickname172',82,_binary '',_binary '\0',_binary '','2025-07-08 21:04:17'),(91,82,810,'Nickname173',82,_binary '\0',_binary '\0',_binary '\0','2025-07-08 21:04:17'),(92,82,811,'Nickname174',82,_binary '',_binary '\0',_binary '\0','2025-07-08 21:04:17'),(93,82,812,'Nickname175',82,_binary '\0',_binary '\0',_binary '\0','2025-07-08 21:04:17'),(94,82,813,'Nickname176',82,_binary '',_binary '\0',_binary '\0','2025-07-08 21:04:17'),(95,82,814,'Nickname177',82,_binary '\0',_binary '\0',_binary '\0','2025-07-08 21:04:17'),(96,82,815,'Nickname178',82,_binary '',_binary '\0',_binary '\0','2025-07-08 21:04:17'),(97,82,816,'Nickname179',82,_binary '\0',_binary '\0',_binary '\0','2025-07-08 21:04:17'),(98,82,817,'Nickname180',82,_binary '',_binary '\0',_binary '\0','2025-07-08 21:04:17'),(99,82,818,'Nickname181',82,_binary '\0',_binary '\0',_binary '\0','2025-07-08 21:04:17'),(100,82,819,'Nickname182',82,_binary '',_binary '\0',_binary '\0','2025-07-08 21:04:17'),(101,82,820,'Nickname183',82,_binary '\0',_binary '\0',_binary '\0','2025-07-08 21:04:17'),(83,83,821,'Nickname166',83,_binary '\0',_binary '',_binary '\0','2025-07-08 21:04:18'),(84,83,822,'Nickname167',83,_binary '',_binary '',_binary '\0','2025-07-08 21:04:18'),(85,83,823,'Nickname168',83,_binary '\0',_binary '',_binary '\0','2025-07-08 21:04:18'),(86,83,824,'Nickname169',83,_binary '',_binary '',_binary '','2025-07-08 21:04:18'),(87,83,825,'Nickname170',83,_binary '\0',_binary '',_binary '','2025-07-08 21:04:18'),(88,83,826,'Nickname171',83,_binary '',_binary '',_binary '','2025-07-08 21:04:18'),(89,83,827,'Nickname172',83,_binary '\0',_binary '\0',_binary '','2025-07-08 21:04:18'),(90,83,828,'Nickname173',83,_binary '',_binary '\0',_binary '','2025-07-08 21:04:18'),(91,83,829,'Nickname174',83,_binary '\0',_binary '\0',_binary '','2025-07-08 21:04:18'),(92,83,830,'Nickname175',83,_binary '',_binary '\0',_binary '\0','2025-07-08 21:04:18'),(93,83,831,'Nickname176',83,_binary '\0',_binary '\0',_binary '\0','2025-07-08 21:04:18'),(94,83,832,'Nickname177',83,_binary '',_binary '\0',_binary '\0','2025-07-08 21:04:18'),(95,83,833,'Nickname178',83,_binary '\0',_binary '\0',_binary '\0','2025-07-08 21:04:18'),(96,83,834,'Nickname179',83,_binary '',_binary '\0',_binary '\0','2025-07-08 21:04:18'),(97,83,835,'Nickname180',83,_binary '\0',_binary '\0',_binary '\0','2025-07-08 21:04:18'),(98,83,836,'Nickname181',83,_binary '',_binary '\0',_binary '\0','2025-07-08 21:04:18'),(99,83,837,'Nickname182',83,_binary '\0',_binary '\0',_binary '\0','2025-07-08 21:04:18'),(100,83,838,'Nickname183',83,_binary '',_binary '\0',_binary '\0','2025-07-08 21:04:18'),(101,83,839,'Nickname184',83,_binary '\0',_binary '\0',_binary '\0','2025-07-08 21:04:18'),(102,83,840,'Nickname185',83,_binary '',_binary '\0',_binary '\0','2025-07-08 21:04:18'),(84,84,841,'Nickname168',84,_binary '',_binary '',_binary '\0','2025-07-08 21:04:18'),(85,84,842,'Nickname169',84,_binary '\0',_binary '',_binary '\0','2025-07-08 21:04:19'),(86,84,843,'Nickname170',84,_binary '',_binary '',_binary '\0','2025-07-08 21:04:19'),(87,84,844,'Nickname171',84,_binary '\0',_binary '',_binary '','2025-07-08 21:04:19'),(88,84,845,'Nickname172',84,_binary '',_binary '',_binary '','2025-07-08 21:04:19'),(89,84,846,'Nickname173',84,_binary '\0',_binary '',_binary '','2025-07-08 21:04:19'),(90,84,847,'Nickname174',84,_binary '',_binary '\0',_binary '','2025-07-08 21:04:19'),(91,84,848,'Nickname175',84,_binary '\0',_binary '\0',_binary '','2025-07-08 21:04:19'),(92,84,849,'Nickname176',84,_binary '',_binary '\0',_binary '','2025-07-08 21:04:19'),(93,84,850,'Nickname177',84,_binary '\0',_binary '\0',_binary '\0','2025-07-08 21:04:19'),(94,84,851,'Nickname178',84,_binary '',_binary '\0',_binary '\0','2025-07-08 21:04:19'),(95,84,852,'Nickname179',84,_binary '\0',_binary '\0',_binary '\0','2025-07-08 21:04:19'),(96,84,853,'Nickname180',84,_binary '',_binary '\0',_binary '\0','2025-07-08 21:04:19'),(97,84,854,'Nickname181',84,_binary '\0',_binary '\0',_binary '\0','2025-07-08 21:04:19'),(98,84,855,'Nickname182',84,_binary '',_binary '\0',_binary '\0','2025-07-08 21:04:19'),(99,84,856,'Nickname183',84,_binary '\0',_binary '\0',_binary '\0','2025-07-08 21:04:19'),(100,84,857,'Nickname184',84,_binary '',_binary '\0',_binary '\0','2025-07-08 21:04:19'),(101,84,858,'Nickname185',84,_binary '\0',_binary '\0',_binary '\0','2025-07-08 21:04:19'),(102,84,859,'Nickname186',84,_binary '',_binary '\0',_binary '\0','2025-07-08 21:04:19'),(103,84,860,'Nickname187',84,_binary '\0',_binary '\0',_binary '\0','2025-07-08 21:04:19'),(104,84,861,'Nickname188',84,_binary '',_binary '\0',_binary '\0','2025-07-08 21:04:20'),(85,85,862,'Nickname170',85,_binary '\0',_binary '',_binary '\0','2025-07-08 21:04:20'),(86,85,863,'Nickname171',85,_binary '',_binary '',_binary '\0','2025-07-08 21:04:20'),(87,85,864,'Nickname172',85,_binary '\0',_binary '',_binary '\0','2025-07-08 21:04:20'),(88,85,865,'Nickname173',85,_binary '',_binary '',_binary '','2025-07-08 21:04:20'),(89,85,866,'Nickname174',85,_binary '\0',_binary '',_binary '','2025-07-08 21:04:20'),(90,85,867,'Nickname175',85,_binary '',_binary '',_binary '','2025-07-08 21:04:20'),(91,85,868,'Nickname176',85,_binary '\0',_binary '\0',_binary '','2025-07-08 21:04:20'),(92,85,869,'Nickname177',85,_binary '',_binary '\0',_binary '','2025-07-08 21:04:20'),(93,85,870,'Nickname178',85,_binary '\0',_binary '\0',_binary '','2025-07-08 21:04:20'),(94,85,871,'Nickname179',85,_binary '',_binary '\0',_binary '\0','2025-07-08 21:04:20'),(95,85,872,'Nickname180',85,_binary '\0',_binary '\0',_binary '\0','2025-07-08 21:04:20'),(96,85,873,'Nickname181',85,_binary '',_binary '\0',_binary '\0','2025-07-08 21:04:20'),(97,85,874,'Nickname182',85,_binary '\0',_binary '\0',_binary '\0','2025-07-08 21:04:20'),(98,85,875,'Nickname183',85,_binary '',_binary '\0',_binary '\0','2025-07-08 21:04:20'),(99,85,876,'Nickname184',85,_binary '\0',_binary '\0',_binary '\0','2025-07-08 21:04:20'),(100,85,877,'Nickname185',85,_binary '',_binary '\0',_binary '\0','2025-07-08 21:04:20'),(101,85,878,'Nickname186',85,_binary '\0',_binary '\0',_binary '\0','2025-07-08 21:04:20'),(102,85,879,'Nickname187',85,_binary '',_binary '\0',_binary '\0','2025-07-08 21:04:20'),(103,85,880,'Nickname188',85,_binary '\0',_binary '\0',_binary '\0','2025-07-08 21:04:20'),(104,85,881,'Nickname189',85,_binary '',_binary '\0',_binary '\0','2025-07-08 21:04:20'),(105,85,882,'Nickname190',85,_binary '\0',_binary '\0',_binary '\0','2025-07-08 21:04:20'),(86,86,883,'Nickname172',86,_binary '',_binary '',_binary '\0','2025-07-08 21:04:20'),(87,86,884,'Nickname173',86,_binary '\0',_binary '',_binary '\0','2025-07-08 21:04:20'),(88,86,885,'Nickname174',86,_binary '',_binary '',_binary '\0','2025-07-08 21:04:20'),(89,86,886,'Nickname175',86,_binary '\0',_binary '',_binary '','2025-07-08 21:04:20'),(90,86,887,'Nickname176',86,_binary '',_binary '',_binary '','2025-07-08 21:04:20'),(91,86,888,'Nickname177',86,_binary '\0',_binary '',_binary '','2025-07-08 21:04:20'),(92,86,889,'Nickname178',86,_binary '',_binary '\0',_binary '','2025-07-08 21:04:20'),(93,86,890,'Nickname179',86,_binary '\0',_binary '\0',_binary '','2025-07-08 21:04:20'),(94,86,891,'Nickname180',86,_binary '',_binary '\0',_binary '','2025-07-08 21:04:20'),(95,86,892,'Nickname181',86,_binary '\0',_binary '\0',_binary '\0','2025-07-08 21:04:20'),(96,86,893,'Nickname182',86,_binary '',_binary '\0',_binary '\0','2025-07-08 21:04:20'),(97,86,894,'Nickname183',86,_binary '\0',_binary '\0',_binary '\0','2025-07-08 21:04:20'),(98,86,895,'Nickname184',86,_binary '',_binary '\0',_binary '\0','2025-07-08 21:04:20'),(99,86,896,'Nickname185',86,_binary '\0',_binary '\0',_binary '\0','2025-07-08 21:04:20'),(100,86,897,'Nickname186',86,_binary '',_binary '\0',_binary '\0','2025-07-08 21:04:20'),(101,86,898,'Nickname187',86,_binary '\0',_binary '\0',_binary '\0','2025-07-08 21:04:20'),(102,86,899,'Nickname188',86,_binary '',_binary '\0',_binary '\0','2025-07-08 21:04:20'),(103,86,900,'Nickname189',86,_binary '\0',_binary '\0',_binary '\0','2025-07-08 21:04:20'),(104,86,901,'Nickname190',86,_binary '',_binary '\0',_binary '\0','2025-07-08 21:04:20'),(105,86,902,'Nickname191',86,_binary '\0',_binary '\0',_binary '\0','2025-07-08 21:04:20'),(106,86,903,'Nickname192',86,_binary '',_binary '\0',_binary '\0','2025-07-08 21:04:20'),(87,87,904,'Nickname174',87,_binary '\0',_binary '',_binary '\0','2025-07-08 21:04:20'),(88,87,905,'Nickname175',87,_binary '',_binary '',_binary '\0','2025-07-08 21:04:20'),(89,87,906,'Nickname176',87,_binary '\0',_binary '',_binary '\0','2025-07-08 21:04:20'),(90,87,907,'Nickname177',87,_binary '',_binary '',_binary '','2025-07-08 21:04:20'),(91,87,908,'Nickname178',87,_binary '\0',_binary '',_binary '','2025-07-08 21:04:20'),(92,87,909,'Nickname179',87,_binary '',_binary '',_binary '','2025-07-08 21:04:21'),(93,87,910,'Nickname180',87,_binary '\0',_binary '\0',_binary '','2025-07-08 21:04:21'),(94,87,911,'Nickname181',87,_binary '',_binary '\0',_binary '','2025-07-08 21:04:21'),(95,87,912,'Nickname182',87,_binary '\0',_binary '\0',_binary '','2025-07-08 21:04:21'),(96,87,913,'Nickname183',87,_binary '',_binary '\0',_binary '\0','2025-07-08 21:04:21'),(97,87,914,'Nickname184',87,_binary '\0',_binary '\0',_binary '\0','2025-07-08 21:04:21'),(98,87,915,'Nickname185',87,_binary '',_binary '\0',_binary '\0','2025-07-08 21:04:21'),(99,87,916,'Nickname186',87,_binary '\0',_binary '\0',_binary '\0','2025-07-08 21:04:21'),(100,87,917,'Nickname187',87,_binary '',_binary '\0',_binary '\0','2025-07-08 21:04:21'),(101,87,918,'Nickname188',87,_binary '\0',_binary '\0',_binary '\0','2025-07-08 21:04:21'),(102,87,919,'Nickname189',87,_binary '',_binary '\0',_binary '\0','2025-07-08 21:04:21'),(103,87,920,'Nickname190',87,_binary '\0',_binary '\0',_binary '\0','2025-07-08 21:04:21'),(104,87,921,'Nickname191',87,_binary '',_binary '\0',_binary '\0','2025-07-08 21:04:21'),(105,87,922,'Nickname192',87,_binary '\0',_binary '\0',_binary '\0','2025-07-08 21:04:21'),(106,87,923,'Nickname193',87,_binary '',_binary '\0',_binary '\0','2025-07-08 21:04:21'),(107,87,924,'Nickname194',87,_binary '\0',_binary '\0',_binary '\0','2025-07-08 21:04:21'),(88,88,925,'Nickname176',88,_binary '',_binary '',_binary '\0','2025-07-08 21:04:21'),(89,88,926,'Nickname177',88,_binary '\0',_binary '',_binary '\0','2025-07-08 21:04:21'),(90,88,927,'Nickname178',88,_binary '',_binary '',_binary '\0','2025-07-08 21:04:21'),(91,88,928,'Nickname179',88,_binary '\0',_binary '',_binary '','2025-07-08 21:04:21'),(92,88,929,'Nickname180',88,_binary '',_binary '',_binary '','2025-07-08 21:04:21'),(93,88,930,'Nickname181',88,_binary '\0',_binary '',_binary '','2025-07-08 21:04:21'),(94,88,931,'Nickname182',88,_binary '',_binary '\0',_binary '','2025-07-08 21:04:21'),(95,88,932,'Nickname183',88,_binary '\0',_binary '\0',_binary '','2025-07-08 21:04:21'),(96,88,933,'Nickname184',88,_binary '',_binary '\0',_binary '','2025-07-08 21:04:21'),(97,88,934,'Nickname185',88,_binary '\0',_binary '\0',_binary '\0','2025-07-08 21:04:22'),(98,88,935,'Nickname186',88,_binary '',_binary '\0',_binary '\0','2025-07-08 21:04:22'),(99,88,936,'Nickname187',88,_binary '\0',_binary '\0',_binary '\0','2025-07-08 21:04:22'),(100,88,937,'Nickname188',88,_binary '',_binary '\0',_binary '\0','2025-07-08 21:04:22'),(101,88,938,'Nickname189',88,_binary '\0',_binary '\0',_binary '\0','2025-07-08 21:04:22'),(102,88,939,'Nickname190',88,_binary '',_binary '\0',_binary '\0','2025-07-08 21:04:22'),(103,88,940,'Nickname191',88,_binary '\0',_binary '\0',_binary '\0','2025-07-08 21:04:22'),(104,88,941,'Nickname192',88,_binary '',_binary '\0',_binary '\0','2025-07-08 21:04:22'),(105,88,942,'Nickname193',88,_binary '\0',_binary '\0',_binary '\0','2025-07-08 21:04:22'),(106,88,943,'Nickname194',88,_binary '',_binary '\0',_binary '\0','2025-07-08 21:04:22'),(107,88,944,'Nickname195',88,_binary '\0',_binary '\0',_binary '\0','2025-07-08 21:04:22'),(108,88,945,'Nickname196',88,_binary '',_binary '\0',_binary '\0','2025-07-08 21:04:22'),(109,88,946,'Nickname197',88,_binary '\0',_binary '\0',_binary '\0','2025-07-08 21:04:22'),(89,89,947,'Nickname178',89,_binary '\0',_binary '',_binary '\0','2025-07-08 21:04:22'),(90,89,948,'Nickname179',89,_binary '',_binary '',_binary '\0','2025-07-08 21:04:22'),(91,89,949,'Nickname180',89,_binary '\0',_binary '',_binary '\0','2025-07-08 21:04:22'),(92,89,950,'Nickname181',89,_binary '',_binary '',_binary '','2025-07-08 21:04:22'),(93,89,951,'Nickname182',89,_binary '\0',_binary '',_binary '','2025-07-08 21:04:22'),(94,89,952,'Nickname183',89,_binary '',_binary '',_binary '','2025-07-08 21:04:22'),(95,89,953,'Nickname184',89,_binary '\0',_binary '\0',_binary '','2025-07-08 21:04:22'),(96,89,954,'Nickname185',89,_binary '',_binary '\0',_binary '','2025-07-08 21:04:22'),(97,89,955,'Nickname186',89,_binary '\0',_binary '\0',_binary '','2025-07-08 21:04:22'),(98,89,956,'Nickname187',89,_binary '',_binary '\0',_binary '\0','2025-07-08 21:04:22'),(99,89,957,'Nickname188',89,_binary '\0',_binary '\0',_binary '\0','2025-07-08 21:04:23'),(100,89,958,'Nickname189',89,_binary '',_binary '\0',_binary '\0','2025-07-08 21:04:23'),(101,89,959,'Nickname190',89,_binary '\0',_binary '\0',_binary '\0','2025-07-08 21:04:23'),(102,89,960,'Nickname191',89,_binary '',_binary '\0',_binary '\0','2025-07-08 21:04:23'),(103,89,961,'Nickname192',89,_binary '\0',_binary '\0',_binary '\0','2025-07-08 21:04:23'),(104,89,962,'Nickname193',89,_binary '',_binary '\0',_binary '\0','2025-07-08 21:04:23'),(105,89,963,'Nickname194',89,_binary '\0',_binary '\0',_binary '\0','2025-07-08 21:04:23'),(106,89,964,'Nickname195',89,_binary '',_binary '\0',_binary '\0','2025-07-08 21:04:23'),(107,89,965,'Nickname196',89,_binary '\0',_binary '\0',_binary '\0','2025-07-08 21:04:23'),(108,89,966,'Nickname197',89,_binary '',_binary '\0',_binary '\0','2025-07-08 21:04:23'),(109,89,967,'Nickname198',89,_binary '\0',_binary '\0',_binary '\0','2025-07-08 21:04:23'),(110,89,968,'Nickname199',89,_binary '',_binary '\0',_binary '\0','2025-07-08 21:04:23'),(90,90,969,'Nickname180',90,_binary '',_binary '',_binary '\0','2025-07-08 21:04:23'),(91,90,970,'Nickname181',90,_binary '\0',_binary '',_binary '\0','2025-07-08 21:04:23'),(92,90,971,'Nickname182',90,_binary '',_binary '',_binary '\0','2025-07-08 21:04:24'),(93,90,972,'Nickname183',90,_binary '\0',_binary '',_binary '','2025-07-08 21:04:24'),(94,90,973,'Nickname184',90,_binary '',_binary '',_binary '','2025-07-08 21:04:24'),(95,90,974,'Nickname185',90,_binary '\0',_binary '',_binary '','2025-07-08 21:04:24'),(96,90,975,'Nickname186',90,_binary '',_binary '\0',_binary '','2025-07-08 21:04:24'),(97,90,976,'Nickname187',90,_binary '\0',_binary '\0',_binary '','2025-07-08 21:04:24'),(98,90,977,'Nickname188',90,_binary '',_binary '\0',_binary '','2025-07-08 21:04:24'),(99,90,978,'Nickname189',90,_binary '\0',_binary '\0',_binary '\0','2025-07-08 21:04:24'),(100,90,979,'Nickname190',90,_binary '',_binary '\0',_binary '\0','2025-07-08 21:04:24'),(101,90,980,'Nickname191',90,_binary '\0',_binary '\0',_binary '\0','2025-07-08 21:04:24'),(102,90,981,'Nickname192',90,_binary '',_binary '\0',_binary '\0','2025-07-08 21:04:24'),(103,90,982,'Nickname193',90,_binary '\0',_binary '\0',_binary '\0','2025-07-08 21:04:24'),(104,90,983,'Nickname194',90,_binary '',_binary '\0',_binary '\0','2025-07-08 21:04:24'),(105,90,984,'Nickname195',90,_binary '\0',_binary '\0',_binary '\0','2025-07-08 21:04:24'),(106,90,985,'Nickname196',90,_binary '',_binary '\0',_binary '\0','2025-07-08 21:04:24'),(107,90,986,'Nickname197',90,_binary '\0',_binary '\0',_binary '\0','2025-07-08 21:04:24'),(108,90,987,'Nickname198',90,_binary '',_binary '\0',_binary '\0','2025-07-08 21:04:24'),(109,90,988,'Nickname199',90,_binary '\0',_binary '\0',_binary '\0','2025-07-08 21:04:24'),(110,90,989,'Nickname200',90,_binary '',_binary '\0',_binary '\0','2025-07-08 21:04:24'),(111,90,990,'Nickname201',90,_binary '\0',_binary '\0',_binary '\0','2025-07-08 21:04:24'),(91,91,991,'Nickname182',91,_binary '\0',_binary '',_binary '\0','2025-07-08 21:04:24'),(92,91,992,'Nickname183',91,_binary '',_binary '',_binary '\0','2025-07-08 21:04:24'),(93,91,993,'Nickname184',91,_binary '\0',_binary '',_binary '\0','2025-07-08 21:04:24'),(94,91,994,'Nickname185',91,_binary '',_binary '',_binary '','2025-07-08 21:04:24'),(95,91,995,'Nickname186',91,_binary '\0',_binary '',_binary '','2025-07-08 21:04:24'),(96,91,996,'Nickname187',91,_binary '',_binary '',_binary '','2025-07-08 21:04:24'),(97,91,997,'Nickname188',91,_binary '\0',_binary '\0',_binary '','2025-07-08 21:04:24'),(98,91,998,'Nickname189',91,_binary '',_binary '\0',_binary '','2025-07-08 21:04:24'),(99,91,999,'Nickname190',91,_binary '\0',_binary '\0',_binary '','2025-07-08 21:04:24'),(100,91,1000,'Nickname191',91,_binary '',_binary '\0',_binary '\0','2025-07-08 21:04:24'),(101,91,1001,'Nickname192',91,_binary '\0',_binary '\0',_binary '\0','2025-07-08 21:04:24'),(102,91,1002,'Nickname193',91,_binary '',_binary '\0',_binary '\0','2025-07-08 21:04:24'),(103,91,1003,'Nickname194',91,_binary '\0',_binary '\0',_binary '\0','2025-07-08 21:04:24'),(104,91,1004,'Nickname195',91,_binary '',_binary '\0',_binary '\0','2025-07-08 21:04:24'),(105,91,1005,'Nickname196',91,_binary '\0',_binary '\0',_binary '\0','2025-07-08 21:04:24'),(106,91,1006,'Nickname197',91,_binary '',_binary '\0',_binary '\0','2025-07-08 21:04:24'),(107,91,1007,'Nickname198',91,_binary '\0',_binary '\0',_binary '\0','2025-07-08 21:04:24'),(108,91,1008,'Nickname199',91,_binary '',_binary '\0',_binary '\0','2025-07-08 21:04:24'),(109,91,1009,'Nickname200',91,_binary '\0',_binary '\0',_binary '\0','2025-07-08 21:04:24'),(110,91,1010,'Nickname201',91,_binary '',_binary '\0',_binary '\0','2025-07-08 21:04:24'),(111,91,1011,'Nickname202',91,_binary '\0',_binary '\0',_binary '\0','2025-07-08 21:04:24'),(112,91,1012,'Nickname203',91,_binary '',_binary '\0',_binary '\0','2025-07-08 21:04:24'),(92,92,1013,'Nickname184',92,_binary '',_binary '',_binary '\0','2025-07-08 21:04:24'),(93,92,1014,'Nickname185',92,_binary '\0',_binary '',_binary '\0','2025-07-08 21:04:24'),(94,92,1015,'Nickname186',92,_binary '',_binary '',_binary '\0','2025-07-08 21:04:24'),(95,92,1016,'Nickname187',92,_binary '\0',_binary '',_binary '','2025-07-08 21:04:24'),(96,92,1017,'Nickname188',92,_binary '',_binary '',_binary '','2025-07-08 21:04:24'),(97,92,1018,'Nickname189',92,_binary '\0',_binary '',_binary '','2025-07-08 21:04:25'),(98,92,1019,'Nickname190',92,_binary '',_binary '\0',_binary '','2025-07-08 21:04:25'),(99,92,1020,'Nickname191',92,_binary '\0',_binary '\0',_binary '','2025-07-08 21:04:25'),(100,92,1021,'Nickname192',92,_binary '',_binary '\0',_binary '','2025-07-08 21:04:25'),(101,92,1022,'Nickname193',92,_binary '\0',_binary '\0',_binary '\0','2025-07-08 21:04:25'),(102,92,1023,'Nickname194',92,_binary '',_binary '\0',_binary '\0','2025-07-08 21:04:25'),(103,92,1024,'Nickname195',92,_binary '\0',_binary '\0',_binary '\0','2025-07-08 21:04:25'),(104,92,1025,'Nickname196',92,_binary '',_binary '\0',_binary '\0','2025-07-08 21:04:25'),(105,92,1026,'Nickname197',92,_binary '\0',_binary '\0',_binary '\0','2025-07-08 21:04:25'),(106,92,1027,'Nickname198',92,_binary '',_binary '\0',_binary '\0','2025-07-08 21:04:25'),(107,92,1028,'Nickname199',92,_binary '\0',_binary '\0',_binary '\0','2025-07-08 21:04:25'),(108,92,1029,'Nickname200',92,_binary '',_binary '\0',_binary '\0','2025-07-08 21:04:25'),(109,92,1030,'Nickname201',92,_binary '\0',_binary '\0',_binary '\0','2025-07-08 21:04:25'),(110,92,1031,'Nickname202',92,_binary '',_binary '\0',_binary '\0','2025-07-08 21:04:25'),(111,92,1032,'Nickname203',92,_binary '\0',_binary '\0',_binary '\0','2025-07-08 21:04:25'),(112,92,1033,'Nickname204',92,_binary '',_binary '\0',_binary '\0','2025-07-08 21:04:25'),(113,92,1034,'Nickname205',92,_binary '\0',_binary '\0',_binary '\0','2025-07-08 21:04:25'),(114,92,1035,'Nickname206',92,_binary '',_binary '\0',_binary '\0','2025-07-08 21:04:25'),(93,93,1036,'Nickname186',93,_binary '\0',_binary '',_binary '\0','2025-07-08 21:04:25'),(94,93,1037,'Nickname187',93,_binary '',_binary '',_binary '\0','2025-07-08 21:04:26'),(95,93,1038,'Nickname188',93,_binary '\0',_binary '',_binary '\0','2025-07-08 21:04:26'),(96,93,1039,'Nickname189',93,_binary '',_binary '',_binary '','2025-07-08 21:04:26'),(97,93,1040,'Nickname190',93,_binary '\0',_binary '',_binary '','2025-07-08 21:04:26'),(98,93,1041,'Nickname191',93,_binary '',_binary '',_binary '','2025-07-08 21:04:26'),(99,93,1042,'Nickname192',93,_binary '\0',_binary '\0',_binary '','2025-07-08 21:04:26'),(100,93,1043,'Nickname193',93,_binary '',_binary '\0',_binary '','2025-07-08 21:04:26'),(101,93,1044,'Nickname194',93,_binary '\0',_binary '\0',_binary '','2025-07-08 21:04:26'),(102,93,1045,'Nickname195',93,_binary '',_binary '\0',_binary '\0','2025-07-08 21:04:26'),(103,93,1046,'Nickname196',93,_binary '\0',_binary '\0',_binary '\0','2025-07-08 21:04:26'),(104,93,1047,'Nickname197',93,_binary '',_binary '\0',_binary '\0','2025-07-08 21:04:26'),(105,93,1048,'Nickname198',93,_binary '\0',_binary '\0',_binary '\0','2025-07-08 21:04:26'),(106,93,1049,'Nickname199',93,_binary '',_binary '\0',_binary '\0','2025-07-08 21:04:26'),(107,93,1050,'Nickname200',93,_binary '\0',_binary '\0',_binary '\0','2025-07-08 21:04:26'),(108,93,1051,'Nickname201',93,_binary '',_binary '\0',_binary '\0','2025-07-08 21:04:26'),(109,93,1052,'Nickname202',93,_binary '\0',_binary '\0',_binary '\0','2025-07-08 21:04:26'),(110,93,1053,'Nickname203',93,_binary '',_binary '\0',_binary '\0','2025-07-08 21:04:26'),(111,93,1054,'Nickname204',93,_binary '\0',_binary '\0',_binary '\0','2025-07-08 21:04:26'),(112,93,1055,'Nickname205',93,_binary '',_binary '\0',_binary '\0','2025-07-08 21:04:26'),(113,93,1056,'Nickname206',93,_binary '\0',_binary '\0',_binary '\0','2025-07-08 21:04:26'),(114,93,1057,'Nickname207',93,_binary '',_binary '\0',_binary '\0','2025-07-08 21:04:26'),(115,93,1058,'Nickname208',93,_binary '\0',_binary '\0',_binary '\0','2025-07-08 21:04:26'),(94,94,1059,'Nickname188',94,_binary '',_binary '',_binary '\0','2025-07-08 21:04:26'),(95,94,1060,'Nickname189',94,_binary '\0',_binary '',_binary '\0','2025-07-08 21:04:27'),(96,94,1061,'Nickname190',94,_binary '',_binary '',_binary '\0','2025-07-08 21:04:27'),(97,94,1062,'Nickname191',94,_binary '\0',_binary '',_binary '','2025-07-08 21:04:27'),(98,94,1063,'Nickname192',94,_binary '',_binary '',_binary '','2025-07-08 21:04:27'),(99,94,1064,'Nickname193',94,_binary '\0',_binary '',_binary '','2025-07-08 21:04:27'),(100,94,1065,'Nickname194',94,_binary '',_binary '\0',_binary '','2025-07-08 21:04:27'),(101,94,1066,'Nickname195',94,_binary '\0',_binary '\0',_binary '','2025-07-08 21:04:27'),(102,94,1067,'Nickname196',94,_binary '',_binary '\0',_binary '','2025-07-08 21:04:27'),(103,94,1068,'Nickname197',94,_binary '\0',_binary '\0',_binary '\0','2025-07-08 21:04:27'),(104,94,1069,'Nickname198',94,_binary '',_binary '\0',_binary '\0','2025-07-08 21:04:27'),(105,94,1070,'Nickname199',94,_binary '\0',_binary '\0',_binary '\0','2025-07-08 21:04:27'),(106,94,1071,'Nickname200',94,_binary '',_binary '\0',_binary '\0','2025-07-08 21:04:27'),(107,94,1072,'Nickname201',94,_binary '\0',_binary '\0',_binary '\0','2025-07-08 21:04:27'),(108,94,1073,'Nickname202',94,_binary '',_binary '\0',_binary '\0','2025-07-08 21:04:27'),(109,94,1074,'Nickname203',94,_binary '\0',_binary '\0',_binary '\0','2025-07-08 21:04:27'),(110,94,1075,'Nickname204',94,_binary '',_binary '\0',_binary '\0','2025-07-08 21:04:27'),(111,94,1076,'Nickname205',94,_binary '\0',_binary '\0',_binary '\0','2025-07-08 21:04:27'),(112,94,1077,'Nickname206',94,_binary '',_binary '\0',_binary '\0','2025-07-08 21:04:28'),(113,94,1078,'Nickname207',94,_binary '\0',_binary '\0',_binary '\0','2025-07-08 21:04:28'),(114,94,1079,'Nickname208',94,_binary '',_binary '\0',_binary '\0','2025-07-08 21:04:28'),(115,94,1080,'Nickname209',94,_binary '\0',_binary '\0',_binary '\0','2025-07-08 21:04:28'),(116,94,1081,'Nickname210',94,_binary '',_binary '\0',_binary '\0','2025-07-08 21:04:28'),(95,95,1082,'Nickname190',95,_binary '\0',_binary '',_binary '\0','2025-07-08 21:04:28'),(96,95,1083,'Nickname191',95,_binary '',_binary '',_binary '\0','2025-07-08 21:04:28'),(97,95,1084,'Nickname192',95,_binary '\0',_binary '',_binary '\0','2025-07-08 21:04:28'),(98,95,1085,'Nickname193',95,_binary '',_binary '',_binary '','2025-07-08 21:04:28'),(99,95,1086,'Nickname194',95,_binary '\0',_binary '',_binary '','2025-07-08 21:04:28'),(100,95,1087,'Nickname195',95,_binary '',_binary '',_binary '','2025-07-08 21:04:28'),(101,95,1088,'Nickname196',95,_binary '\0',_binary '\0',_binary '','2025-07-08 21:04:28'),(102,95,1089,'Nickname197',95,_binary '',_binary '\0',_binary '','2025-07-08 21:04:28'),(103,95,1090,'Nickname198',95,_binary '\0',_binary '\0',_binary '','2025-07-08 21:04:28'),(104,95,1091,'Nickname199',95,_binary '',_binary '\0',_binary '\0','2025-07-08 21:04:28'),(105,95,1092,'Nickname200',95,_binary '\0',_binary '\0',_binary '\0','2025-07-08 21:04:28'),(106,95,1093,'Nickname201',95,_binary '',_binary '\0',_binary '\0','2025-07-08 21:04:28'),(107,95,1094,'Nickname202',95,_binary '\0',_binary '\0',_binary '\0','2025-07-08 21:04:28'),(108,95,1095,'Nickname203',95,_binary '',_binary '\0',_binary '\0','2025-07-08 21:04:28'),(109,95,1096,'Nickname204',95,_binary '\0',_binary '\0',_binary '\0','2025-07-08 21:04:28'),(110,95,1097,'Nickname205',95,_binary '',_binary '\0',_binary '\0','2025-07-08 21:04:28'),(111,95,1098,'Nickname206',95,_binary '\0',_binary '\0',_binary '\0','2025-07-08 21:04:28'),(112,95,1099,'Nickname207',95,_binary '',_binary '\0',_binary '\0','2025-07-08 21:04:28'),(113,95,1100,'Nickname208',95,_binary '\0',_binary '\0',_binary '\0','2025-07-08 21:04:28'),(114,95,1101,'Nickname209',95,_binary '',_binary '\0',_binary '\0','2025-07-08 21:04:28'),(115,95,1102,'Nickname210',95,_binary '\0',_binary '\0',_binary '\0','2025-07-08 21:04:28'),(116,95,1103,'Nickname211',95,_binary '',_binary '\0',_binary '\0','2025-07-08 21:04:28'),(117,95,1104,'Nickname212',95,_binary '\0',_binary '\0',_binary '\0','2025-07-08 21:04:28'),(96,96,1105,'Nickname192',96,_binary '',_binary '',_binary '\0','2025-07-08 21:04:28'),(97,96,1106,'Nickname193',96,_binary '\0',_binary '',_binary '\0','2025-07-08 21:04:28'),(98,96,1107,'Nickname194',96,_binary '',_binary '',_binary '\0','2025-07-08 21:04:28'),(99,96,1108,'Nickname195',96,_binary '\0',_binary '',_binary '','2025-07-08 21:04:28'),(100,96,1109,'Nickname196',96,_binary '',_binary '',_binary '','2025-07-08 21:04:28'),(101,96,1110,'Nickname197',96,_binary '\0',_binary '',_binary '','2025-07-08 21:04:28'),(102,96,1111,'Nickname198',96,_binary '',_binary '\0',_binary '','2025-07-08 21:04:28'),(103,96,1112,'Nickname199',96,_binary '\0',_binary '\0',_binary '','2025-07-08 21:04:28'),(104,96,1113,'Nickname200',96,_binary '',_binary '\0',_binary '','2025-07-08 21:04:28'),(105,96,1114,'Nickname201',96,_binary '\0',_binary '\0',_binary '\0','2025-07-08 21:04:28'),(106,96,1115,'Nickname202',96,_binary '',_binary '\0',_binary '\0','2025-07-08 21:04:28'),(107,96,1116,'Nickname203',96,_binary '\0',_binary '\0',_binary '\0','2025-07-08 21:04:28'),(108,96,1117,'Nickname204',96,_binary '',_binary '\0',_binary '\0','2025-07-08 21:04:28'),(109,96,1118,'Nickname205',96,_binary '\0',_binary '\0',_binary '\0','2025-07-08 21:04:28'),(110,96,1119,'Nickname206',96,_binary '',_binary '\0',_binary '\0','2025-07-08 21:04:28'),(111,96,1120,'Nickname207',96,_binary '\0',_binary '\0',_binary '\0','2025-07-08 21:04:28'),(112,96,1121,'Nickname208',96,_binary '',_binary '\0',_binary '\0','2025-07-08 21:04:28'),(113,96,1122,'Nickname209',96,_binary '\0',_binary '\0',_binary '\0','2025-07-08 21:04:29'),(114,96,1123,'Nickname210',96,_binary '',_binary '\0',_binary '\0','2025-07-08 21:04:29'),(115,96,1124,'Nickname211',96,_binary '\0',_binary '\0',_binary '\0','2025-07-08 21:04:29'),(116,96,1125,'Nickname212',96,_binary '',_binary '\0',_binary '\0','2025-07-08 21:04:29'),(117,96,1126,'Nickname213',96,_binary '\0',_binary '\0',_binary '\0','2025-07-08 21:04:29'),(118,96,1127,'Nickname214',96,_binary '',_binary '\0',_binary '\0','2025-07-08 21:04:29'),(119,96,1128,'Nickname215',96,_binary '\0',_binary '\0',_binary '\0','2025-07-08 21:04:29'),(97,97,1129,'Nickname194',97,_binary '\0',_binary '',_binary '\0','2025-07-08 21:04:29'),(98,97,1130,'Nickname195',97,_binary '',_binary '',_binary '\0','2025-07-08 21:04:29'),(99,97,1131,'Nickname196',97,_binary '\0',_binary '',_binary '\0','2025-07-08 21:04:29'),(100,97,1132,'Nickname197',97,_binary '',_binary '',_binary '','2025-07-08 21:04:29'),(101,97,1133,'Nickname198',97,_binary '\0',_binary '',_binary '','2025-07-08 21:04:29'),(102,97,1134,'Nickname199',97,_binary '',_binary '',_binary '','2025-07-08 21:04:29'),(103,97,1135,'Nickname200',97,_binary '\0',_binary '\0',_binary '','2025-07-08 21:04:29'),(104,97,1136,'Nickname201',97,_binary '',_binary '\0',_binary '','2025-07-08 21:04:29'),(105,97,1137,'Nickname202',97,_binary '\0',_binary '\0',_binary '','2025-07-08 21:04:29'),(106,97,1138,'Nickname203',97,_binary '',_binary '\0',_binary '\0','2025-07-08 21:04:29'),(107,97,1139,'Nickname204',97,_binary '\0',_binary '\0',_binary '\0','2025-07-08 21:04:29'),(108,97,1140,'Nickname205',97,_binary '',_binary '\0',_binary '\0','2025-07-08 21:04:29'),(109,97,1141,'Nickname206',97,_binary '\0',_binary '\0',_binary '\0','2025-07-08 21:04:29'),(110,97,1142,'Nickname207',97,_binary '',_binary '\0',_binary '\0','2025-07-08 21:04:29'),(111,97,1143,'Nickname208',97,_binary '\0',_binary '\0',_binary '\0','2025-07-08 21:04:29'),(112,97,1144,'Nickname209',97,_binary '',_binary '\0',_binary '\0','2025-07-08 21:04:30'),(113,97,1145,'Nickname210',97,_binary '\0',_binary '\0',_binary '\0','2025-07-08 21:04:30'),(114,97,1146,'Nickname211',97,_binary '',_binary '\0',_binary '\0','2025-07-08 21:04:30'),(115,97,1147,'Nickname212',97,_binary '\0',_binary '\0',_binary '\0','2025-07-08 21:04:30'),(116,97,1148,'Nickname213',97,_binary '',_binary '\0',_binary '\0','2025-07-08 21:04:30'),(117,97,1149,'Nickname214',97,_binary '\0',_binary '\0',_binary '\0','2025-07-08 21:04:30'),(118,97,1150,'Nickname215',97,_binary '',_binary '\0',_binary '\0','2025-07-08 21:04:30'),(119,97,1151,'Nickname216',97,_binary '\0',_binary '\0',_binary '\0','2025-07-08 21:04:30'),(120,97,1152,'Nickname217',97,_binary '',_binary '\0',_binary '\0','2025-07-08 21:04:30'),(98,98,1153,'Nickname196',98,_binary '',_binary '',_binary '\0','2025-07-08 21:04:30'),(99,98,1154,'Nickname197',98,_binary '\0',_binary '',_binary '\0','2025-07-08 21:04:30'),(100,98,1155,'Nickname198',98,_binary '',_binary '',_binary '\0','2025-07-08 21:04:30'),(101,98,1156,'Nickname199',98,_binary '\0',_binary '',_binary '','2025-07-08 21:04:30'),(102,98,1157,'Nickname200',98,_binary '',_binary '',_binary '','2025-07-08 21:04:30'),(103,98,1158,'Nickname201',98,_binary '\0',_binary '',_binary '','2025-07-08 21:04:30'),(104,98,1159,'Nickname202',98,_binary '',_binary '\0',_binary '','2025-07-08 21:04:30'),(105,98,1160,'Nickname203',98,_binary '\0',_binary '\0',_binary '','2025-07-08 21:04:30'),(106,98,1161,'Nickname204',98,_binary '',_binary '\0',_binary '','2025-07-08 21:04:30'),(107,98,1162,'Nickname205',98,_binary '\0',_binary '\0',_binary '\0','2025-07-08 21:04:30'),(108,98,1163,'Nickname206',98,_binary '',_binary '\0',_binary '\0','2025-07-08 21:04:30'),(109,98,1164,'Nickname207',98,_binary '\0',_binary '\0',_binary '\0','2025-07-08 21:04:30'),(110,98,1165,'Nickname208',98,_binary '',_binary '\0',_binary '\0','2025-07-08 21:04:30'),(111,98,1166,'Nickname209',98,_binary '\0',_binary '\0',_binary '\0','2025-07-08 21:04:31'),(112,98,1167,'Nickname210',98,_binary '',_binary '\0',_binary '\0','2025-07-08 21:04:31'),(113,98,1168,'Nickname211',98,_binary '\0',_binary '\0',_binary '\0','2025-07-08 21:04:31'),(114,98,1169,'Nickname212',98,_binary '',_binary '\0',_binary '\0','2025-07-08 21:04:31'),(115,98,1170,'Nickname213',98,_binary '\0',_binary '\0',_binary '\0','2025-07-08 21:04:31'),(116,98,1171,'Nickname214',98,_binary '',_binary '\0',_binary '\0','2025-07-08 21:04:31'),(117,98,1172,'Nickname215',98,_binary '\0',_binary '\0',_binary '\0','2025-07-08 21:04:31'),(118,98,1173,'Nickname216',98,_binary '',_binary '\0',_binary '\0','2025-07-08 21:04:31'),(119,98,1174,'Nickname217',98,_binary '\0',_binary '\0',_binary '\0','2025-07-08 21:04:31'),(120,98,1175,'Nickname218',98,_binary '',_binary '\0',_binary '\0','2025-07-08 21:04:31'),(121,98,1176,'Nickname219',98,_binary '\0',_binary '\0',_binary '\0','2025-07-08 21:04:31'),(99,99,1177,'Nickname198',99,_binary '\0',_binary '',_binary '\0','2025-07-08 21:04:31'),(100,99,1178,'Nickname199',99,_binary '',_binary '',_binary '\0','2025-07-08 21:04:31'),(101,99,1179,'Nickname200',99,_binary '\0',_binary '',_binary '\0','2025-07-08 21:04:31'),(102,99,1180,'Nickname201',99,_binary '',_binary '',_binary '','2025-07-08 21:04:31'),(103,99,1181,'Nickname202',99,_binary '\0',_binary '',_binary '','2025-07-08 21:04:31'),(104,99,1182,'Nickname203',99,_binary '',_binary '',_binary '','2025-07-08 21:04:31'),(105,99,1183,'Nickname204',99,_binary '\0',_binary '\0',_binary '','2025-07-08 21:04:31'),(106,99,1184,'Nickname205',99,_binary '',_binary '\0',_binary '','2025-07-08 21:04:31'),(107,99,1185,'Nickname206',99,_binary '\0',_binary '\0',_binary '','2025-07-08 21:04:31'),(108,99,1186,'Nickname207',99,_binary '',_binary '\0',_binary '\0','2025-07-08 21:04:31'),(109,99,1187,'Nickname208',99,_binary '\0',_binary '\0',_binary '\0','2025-07-08 21:04:31'),(110,99,1188,'Nickname209',99,_binary '',_binary '\0',_binary '\0','2025-07-08 21:04:31'),(111,99,1189,'Nickname210',99,_binary '\0',_binary '\0',_binary '\0','2025-07-08 21:04:31'),(112,99,1190,'Nickname211',99,_binary '',_binary '\0',_binary '\0','2025-07-08 21:04:31'),(113,99,1191,'Nickname212',99,_binary '\0',_binary '\0',_binary '\0','2025-07-08 21:04:31'),(114,99,1192,'Nickname213',99,_binary '',_binary '\0',_binary '\0','2025-07-08 21:04:31'),(115,99,1193,'Nickname214',99,_binary '\0',_binary '\0',_binary '\0','2025-07-08 21:04:31'),(116,99,1194,'Nickname215',99,_binary '',_binary '\0',_binary '\0','2025-07-08 21:04:32'),(117,99,1195,'Nickname216',99,_binary '\0',_binary '\0',_binary '\0','2025-07-08 21:04:32'),(118,99,1196,'Nickname217',99,_binary '',_binary '\0',_binary '\0','2025-07-08 21:04:32'),(119,99,1197,'Nickname218',99,_binary '\0',_binary '\0',_binary '\0','2025-07-08 21:04:32'),(120,99,1198,'Nickname219',99,_binary '',_binary '\0',_binary '\0','2025-07-08 21:04:32'),(121,99,1199,'Nickname220',99,_binary '\0',_binary '\0',_binary '\0','2025-07-08 21:04:32'),(122,99,1200,'Nickname221',99,_binary '',_binary '\0',_binary '\0','2025-07-08 21:04:32'),(100,100,1201,'Nickname200',100,_binary '',_binary '',_binary '\0','2025-07-08 21:04:32'),(101,100,1202,'Nickname201',100,_binary '\0',_binary '',_binary '\0','2025-07-08 21:04:32'),(102,100,1203,'Nickname202',100,_binary '',_binary '',_binary '\0','2025-07-08 21:04:32'),(103,100,1204,'Nickname203',100,_binary '\0',_binary '',_binary '','2025-07-08 21:04:32'),(104,100,1205,'Nickname204',100,_binary '',_binary '',_binary '','2025-07-08 21:04:32'),(105,100,1206,'Nickname205',100,_binary '\0',_binary '',_binary '','2025-07-08 21:04:32'),(106,100,1207,'Nickname206',100,_binary '',_binary '\0',_binary '','2025-07-08 21:04:32'),(107,100,1208,'Nickname207',100,_binary '\0',_binary '\0',_binary '','2025-07-08 21:04:32'),(108,100,1209,'Nickname208',100,_binary '',_binary '\0',_binary '','2025-07-08 21:04:32'),(109,100,1210,'Nickname209',100,_binary '\0',_binary '\0',_binary '\0','2025-07-08 21:04:32'),(110,100,1211,'Nickname210',100,_binary '',_binary '\0',_binary '\0','2025-07-08 21:04:32'),(111,100,1212,'Nickname211',100,_binary '\0',_binary '\0',_binary '\0','2025-07-08 21:04:32'),(112,100,1213,'Nickname212',100,_binary '',_binary '\0',_binary '\0','2025-07-08 21:04:32'),(113,100,1214,'Nickname213',100,_binary '\0',_binary '\0',_binary '\0','2025-07-08 21:04:32'),(114,100,1215,'Nickname214',100,_binary '',_binary '\0',_binary '\0','2025-07-08 21:04:32'),(115,100,1216,'Nickname215',100,_binary '\0',_binary '\0',_binary '\0','2025-07-08 21:04:32'),(116,100,1217,'Nickname216',100,_binary '',_binary '\0',_binary '\0','2025-07-08 21:04:32'),(117,100,1218,'Nickname217',100,_binary '\0',_binary '\0',_binary '\0','2025-07-08 21:04:32'),(118,100,1219,'Nickname218',100,_binary '',_binary '\0',_binary '\0','2025-07-08 21:04:32'),(119,100,1220,'Nickname219',100,_binary '\0',_binary '\0',_binary '\0','2025-07-08 21:04:32'),(120,100,1221,'Nickname220',100,_binary '',_binary '\0',_binary '\0','2025-07-08 21:04:32'),(121,100,1222,'Nickname221',100,_binary '\0',_binary '\0',_binary '\0','2025-07-08 21:04:32'),(122,100,1223,'Nickname222',100,_binary '',_binary '\0',_binary '\0','2025-07-08 21:04:32'),(123,100,1224,'Nickname223',100,_binary '\0',_binary '\0',_binary '\0','2025-07-08 21:04:32'),(124,100,1225,'Nickname224',100,_binary '',_binary '\0',_binary '\0','2025-07-08 21:04:32'),(25,4,1226,'Sparckles',4,_binary '\0',_binary '\0',_binary '\0','2025-07-08 21:17:47'),(38,50,1229,'Lady',54,_binary '\0',_binary '\0',_binary '\0','2025-07-08 22:31:41'),(151,4,1230,'kitty',75,_binary '',_binary '\0',_binary '','2025-07-11 14:37:16'),(380,4,1231,'Lady',37,_binary '\0',_binary '',_binary '','2025-07-11 14:38:45'),(135,4,1232,NULL,1,_binary '\0',_binary '',_binary '\0','2025-07-11 22:04:24'),(45,4,1233,'Shroomie',47,_binary '\0',_binary '',_binary '\0','2025-07-12 15:13:06');
/*!40000 ALTER TABLE `mypokemon` ENABLE KEYS */;
UNLOCK TABLES;
/*!50003 SET @saved_cs_client      = @@character_set_client */ ;
/*!50003 SET @saved_cs_results     = @@character_set_results */ ;
/*!50003 SET @saved_col_connection = @@collation_connection */ ;
/*!50003 SET character_set_client  = utf8mb4 */ ;
/*!50003 SET character_set_results = utf8mb4 */ ;
/*!50003 SET collation_connection  = utf8mb4_0900_ai_ci */ ;
/*!50003 SET @saved_sql_mode       = @@sql_mode */ ;
/*!50003 SET sql_mode              = 'ONLY_FULL_GROUP_BY,STRICT_TRANS_TABLES,NO_ZERO_IN_DATE,NO_ZERO_DATE,ERROR_FOR_DIVISION_BY_ZERO,NO_ENGINE_SUBSTITUTION' */ ;
DELIMITER ;;
/*!50003 CREATE*/ /*!50017 DEFINER=`root`@`localhost`*/ /*!50003 TRIGGER `max_6_showcase` BEFORE UPDATE ON `mypokemon` FOR EACH ROW BEGIN
	DECLARE numShowcased INT;
	IF OLD.showcase = 0 AND NEW.showcase = 1 THEN
		SELECT COUNT(instanceID) INTO numShowcased 
			FROM MyPokemon 
			WHERE uid = OLD.uid AND showcase = 1;
		IF numShowcased >= 6 THEN
			SIGNAL SQLSTATE '45000'
			SET MESSAGE_TEXT = 'A user cannot showcase more than 6 pokemon at a time';
		END IF;
	END IF;
END */;;
DELIMITER ;
/*!50003 SET sql_mode              = @saved_sql_mode */ ;
/*!50003 SET character_set_client  = @saved_cs_client */ ;
/*!50003 SET character_set_results = @saved_cs_results */ ;
/*!50003 SET collation_connection  = @saved_col_connection */ ;
/*!50003 SET @saved_cs_client      = @@character_set_client */ ;
/*!50003 SET @saved_cs_results     = @@character_set_results */ ;
/*!50003 SET @saved_col_connection = @@collation_connection */ ;
/*!50003 SET character_set_client  = utf8mb4 */ ;
/*!50003 SET character_set_results = utf8mb4 */ ;
/*!50003 SET collation_connection  = utf8mb4_0900_ai_ci */ ;
/*!50003 SET @saved_sql_mode       = @@sql_mode */ ;
/*!50003 SET sql_mode              = 'ONLY_FULL_GROUP_BY,STRICT_TRANS_TABLES,NO_ZERO_IN_DATE,NO_ZERO_DATE,ERROR_FOR_DIVISION_BY_ZERO,NO_ENGINE_SUBSTITUTION' */ ;
DELIMITER ;;
/*!50003 CREATE*/ /*!50017 DEFINER=`root`@`localhost`*/ /*!50003 TRIGGER `max_6_onTeam` BEFORE UPDATE ON `mypokemon` FOR EACH ROW BEGIN
	DECLARE numTeam INT;
    IF OLD.onTeam = 0 AND NEW.onTeam = 1 THEN
		SELECT COUNT(instanceID) INTO numTeam 
			FROM MyPokemon 
			WHERE uid = OLD.uid AND onTeam = 1;
			
		IF numTeam >= 6 AND NEW.onTeam = 1 THEN
			SIGNAL SQLSTATE '45000'
			SET MESSAGE_TEXT = 'The maximum team size is 6.';
		END IF;
	END IF;
END */;;
DELIMITER ;
/*!50003 SET sql_mode              = @saved_sql_mode */ ;
/*!50003 SET character_set_client  = @saved_cs_client */ ;
/*!50003 SET character_set_results = @saved_cs_results */ ;
/*!50003 SET collation_connection  = @saved_col_connection */ ;

--
-- Table structure for table `pokedex`
--

DROP TABLE IF EXISTS `pokedex`;
/*!40101 SET @saved_cs_client     = @@character_set_client */;
/*!50503 SET character_set_client = utf8mb4 */;
CREATE TABLE `pokedex` (
  `pID` int NOT NULL AUTO_INCREMENT,
  `name` varchar(40) NOT NULL,
  `type1` varchar(10) NOT NULL,
  `type2` varchar(10) DEFAULT NULL,
  `hp` int NOT NULL,
  `atk` int NOT NULL,
  `def` int NOT NULL,
  `spAtk` int NOT NULL,
  `spDef` int NOT NULL,
  `speed` int NOT NULL,
  `legendary` bit(1) NOT NULL,
  `description` varchar(200) DEFAULT NULL,
  PRIMARY KEY (`pID`),
  CONSTRAINT `pokedex_chk_1` CHECK (((`HP` >= 0) and (`atk` >= 0) and (`def` >= 0) and (`spAtk` >= 0) and (`spDef` >= 0) and (`speed` >= 0)))
) ENGINE=InnoDB AUTO_INCREMENT=722 DEFAULT CHARSET=utf8mb4 COLLATE=utf8mb4_0900_ai_ci;
/*!40101 SET character_set_client = @saved_cs_client */;

--
-- Dumping data for table `pokedex`
--

LOCK TABLES `pokedex` WRITE;
/*!40000 ALTER TABLE `pokedex` DISABLE KEYS */;
INSERT INTO `pokedex` VALUES (1,'Bulbasaur','Grass','Poison',45,49,49,65,65,45,_binary '\0',NULL),(2,'Ivysaur','Grass','Poison',60,62,63,80,80,60,_binary '\0',NULL),(3,'Venusaur','Grass','Poison',80,82,83,100,100,80,_binary '\0',NULL),(4,'Charmander','Fire','',39,52,43,60,50,65,_binary '\0',NULL),(5,'Charmeleon','Fire','',58,64,58,80,65,80,_binary '\0',NULL),(6,'Charizard','Fire','Flying',78,84,78,109,85,100,_binary '\0',NULL),(7,'Squirtle','Water','',44,48,65,50,64,43,_binary '\0',NULL),(8,'Wartortle','Water','',59,63,80,65,80,58,_binary '\0',NULL),(9,'Blastoise','Water','',79,83,100,85,105,78,_binary '\0',NULL),(10,'Caterpie','Bug','',45,30,35,20,20,45,_binary '\0',NULL),(11,'Metapod','Bug','',50,20,55,25,25,30,_binary '\0',NULL),(12,'Butterfree','Bug','Flying',60,45,50,90,80,70,_binary '\0',NULL),(13,'Weedle','Bug','Poison',40,35,30,20,20,50,_binary '\0',NULL),(14,'Kakuna','Bug','Poison',45,25,50,25,25,35,_binary '\0',NULL),(15,'Beedrill','Bug','Poison',65,90,40,45,80,75,_binary '\0',NULL),(16,'Pidgey','Normal','Flying',40,45,40,35,35,56,_binary '\0',NULL),(17,'Pidgeotto','Normal','Flying',63,60,55,50,50,71,_binary '\0',NULL),(18,'Pidgeot','Normal','Flying',83,80,75,70,70,101,_binary '\0',NULL),(19,'Rattata','Normal','',30,56,35,25,35,72,_binary '\0',NULL),(20,'Raticate','Normal','',55,81,60,50,70,97,_binary '\0',NULL),(21,'Spearow','Normal','Flying',40,60,30,31,31,70,_binary '\0',NULL),(22,'Fearow','Normal','Flying',65,90,65,61,61,100,_binary '\0',NULL),(23,'Ekans','Poison','',35,60,44,40,54,55,_binary '\0',NULL),(24,'Arbok','Poison','',60,85,69,65,79,80,_binary '\0',NULL),(25,'Pikachu','Electric','',35,55,40,50,50,90,_binary '\0',NULL),(26,'Raichu','Electric','',60,90,55,90,80,110,_binary '\0',NULL),(27,'Sandshrew','Ground','',50,75,85,20,30,40,_binary '\0',NULL),(28,'Sandslash','Ground','',75,100,110,45,55,65,_binary '\0',NULL),(29,'Nidoran♀','Poison','',55,47,52,40,40,41,_binary '\0',NULL),(30,'Nidorina','Poison','',70,62,67,55,55,56,_binary '\0',NULL),(31,'Nidoqueen','Poison','Ground',90,92,87,75,85,76,_binary '\0',NULL),(32,'Nidoran♂','Poison','',46,57,40,40,40,50,_binary '\0',NULL),(33,'Nidorino','Poison','',61,72,57,55,55,65,_binary '\0',NULL),(34,'Nidoking','Poison','Ground',81,102,77,85,75,85,_binary '\0',NULL),(35,'Clefairy','Fairy','',70,45,48,60,65,35,_binary '\0',NULL),(36,'Clefable','Fairy','',95,70,73,95,90,60,_binary '\0',NULL),(37,'Vulpix','Fire','',38,41,40,50,65,65,_binary '\0',NULL),(38,'Ninetales','Fire','',73,76,75,81,100,100,_binary '\0',NULL),(39,'Jigglypuff','Normal','Fairy',115,45,20,45,25,20,_binary '\0',NULL),(40,'Wigglytuff','Normal','Fairy',140,70,45,85,50,45,_binary '\0',NULL),(41,'Zubat','Poison','Flying',40,45,35,30,40,55,_binary '\0',NULL),(42,'Golbat','Poison','Flying',75,80,70,65,75,90,_binary '\0',NULL),(43,'Oddish','Grass','Poison',45,50,55,75,65,30,_binary '\0',NULL),(44,'Gloom','Grass','Poison',60,65,70,85,75,40,_binary '\0',NULL),(45,'Vileplume','Grass','Poison',75,80,85,110,90,50,_binary '\0',NULL),(46,'Paras','Bug','Grass',35,70,55,45,55,25,_binary '\0',NULL),(47,'Parasect','Bug','Grass',60,95,80,60,80,30,_binary '\0',NULL),(48,'Venonat','Bug','Poison',60,55,50,40,55,45,_binary '\0',NULL),(49,'Venomoth','Bug','Poison',70,65,60,90,75,90,_binary '\0',NULL),(50,'Diglett','Ground','',10,55,25,35,45,95,_binary '\0',NULL),(51,'Dugtrio','Ground','',35,80,50,50,70,120,_binary '\0',NULL),(52,'Meowth','Normal','',40,45,35,40,40,90,_binary '\0',NULL),(53,'Persian','Normal','',65,70,60,65,65,115,_binary '\0',NULL),(54,'Psyduck','Water','',50,52,48,65,50,55,_binary '\0',NULL),(55,'Golduck','Water','',80,82,78,95,80,85,_binary '\0',NULL),(56,'Mankey','Fighting','',40,80,35,35,45,70,_binary '\0',NULL),(57,'Primeape','Fighting','',65,105,60,60,70,95,_binary '\0',NULL),(58,'Growlithe','Fire','',55,70,45,70,50,60,_binary '\0',NULL),(59,'Arcanine','Fire','',90,110,80,100,80,95,_binary '\0',NULL),(60,'Poliwag','Water','',40,50,40,40,40,90,_binary '\0',NULL),(61,'Poliwhirl','Water','',65,65,65,50,50,90,_binary '\0',NULL),(62,'Poliwrath','Water','Fighting',90,95,95,70,90,70,_binary '\0',NULL),(63,'Abra','Psychic','',25,20,15,105,55,90,_binary '\0',NULL),(64,'Kadabra','Psychic','',40,35,30,120,70,105,_binary '\0',NULL),(65,'Alakazam','Psychic','',55,50,45,135,95,120,_binary '\0',NULL),(66,'Machop','Fighting','',70,80,50,35,35,35,_binary '\0',NULL),(67,'Machoke','Fighting','',80,100,70,50,60,45,_binary '\0',NULL),(68,'Machamp','Fighting','',90,130,80,65,85,55,_binary '\0',NULL),(69,'Bellsprout','Grass','Poison',50,75,35,70,30,40,_binary '\0',NULL),(70,'Weepinbell','Grass','Poison',65,90,50,85,45,55,_binary '\0',NULL),(71,'Victreebel','Grass','Poison',80,105,65,100,70,70,_binary '\0',NULL),(72,'Tentacool','Water','Poison',40,40,35,50,100,70,_binary '\0',NULL),(73,'Tentacruel','Water','Poison',80,70,65,80,120,100,_binary '\0',NULL),(74,'Geodude','Rock','Ground',40,80,100,30,30,20,_binary '\0',NULL),(75,'Graveler','Rock','Ground',55,95,115,45,45,35,_binary '\0',NULL),(76,'Golem','Rock','Ground',80,120,130,55,65,45,_binary '\0',NULL),(77,'Ponyta','Fire','',50,85,55,65,65,90,_binary '\0',NULL),(78,'Rapidash','Fire','',65,100,70,80,80,105,_binary '\0',NULL),(79,'Slowpoke','Water','Psychic',90,65,65,40,40,15,_binary '\0',NULL),(80,'Slowbro','Water','Psychic',95,75,110,100,80,30,_binary '\0',NULL),(81,'Magnemite','Electric','Steel',25,35,70,95,55,45,_binary '\0',NULL),(82,'Magneton','Electric','Steel',50,60,95,120,70,70,_binary '\0',NULL),(83,'Farfetch\'d','Normal','Flying',52,65,55,58,62,60,_binary '\0',NULL),(84,'Doduo','Normal','Flying',35,85,45,35,35,75,_binary '\0',NULL),(85,'Dodrio','Normal','Flying',60,110,70,60,60,100,_binary '\0',NULL),(86,'Seel','Water','',65,45,55,45,70,45,_binary '\0',NULL),(87,'Dewgong','Water','Ice',90,70,80,70,95,70,_binary '\0',NULL),(88,'Grimer','Poison','',80,80,50,40,50,25,_binary '\0',NULL),(89,'Muk','Poison','',105,105,75,65,100,50,_binary '\0',NULL),(90,'Shellder','Water','',30,65,100,45,25,40,_binary '\0',NULL),(91,'Cloyster','Water','Ice',50,95,180,85,45,70,_binary '\0',NULL),(92,'Gastly','Ghost','Poison',30,35,30,100,35,80,_binary '\0',NULL),(93,'Haunter','Ghost','Poison',45,50,45,115,55,95,_binary '\0',NULL),(94,'Gengar','Ghost','Poison',60,65,60,130,75,110,_binary '\0',NULL),(95,'Onix','Rock','Ground',35,45,160,30,45,70,_binary '\0',NULL),(96,'Drowzee','Psychic','',60,48,45,43,90,42,_binary '\0',NULL),(97,'Hypno','Psychic','',85,73,70,73,115,67,_binary '\0',NULL),(98,'Krabby','Water','',30,105,90,25,25,50,_binary '\0',NULL),(99,'Kingler','Water','',55,130,115,50,50,75,_binary '\0',NULL),(100,'Voltorb','Electric','',40,30,50,55,55,100,_binary '\0',NULL),(101,'Electrode','Electric','',60,50,70,80,80,140,_binary '\0',NULL),(102,'Exeggcute','Grass','Psychic',60,40,80,60,45,40,_binary '\0',NULL),(103,'Exeggutor','Grass','Psychic',95,95,85,125,65,55,_binary '\0',NULL),(104,'Cubone','Ground','',50,50,95,40,50,35,_binary '\0',NULL),(105,'Marowak','Ground','',60,80,110,50,80,45,_binary '\0',NULL),(106,'Hitmonlee','Fighting','',50,120,53,35,110,87,_binary '\0',NULL),(107,'Hitmonchan','Fighting','',50,105,79,35,110,76,_binary '\0',NULL),(108,'Lickitung','Normal','',90,55,75,60,75,30,_binary '\0',NULL),(109,'Koffing','Poison','',40,65,95,60,45,35,_binary '\0',NULL),(110,'Weezing','Poison','',65,90,120,85,70,60,_binary '\0',NULL),(111,'Rhyhorn','Ground','Rock',80,85,95,30,30,25,_binary '\0',NULL),(112,'Rhydon','Ground','Rock',105,130,120,45,45,40,_binary '\0',NULL),(113,'Chansey','Normal','',250,5,5,35,105,50,_binary '\0',NULL),(114,'Tangela','Grass','',65,55,115,100,40,60,_binary '\0',NULL),(115,'Kangaskhan','Normal','',105,95,80,40,80,90,_binary '\0',NULL),(116,'Horsea','Water','',30,40,70,70,25,60,_binary '\0',NULL),(117,'Seadra','Water','',55,65,95,95,45,85,_binary '\0',NULL),(118,'Goldeen','Water','',45,67,60,35,50,63,_binary '\0',NULL),(119,'Seaking','Water','',80,92,65,65,80,68,_binary '\0',NULL),(120,'Staryu','Water','',30,45,55,70,55,85,_binary '\0',NULL),(121,'Starmie','Water','Psychic',60,75,85,100,85,115,_binary '\0',NULL),(122,'Mr. Mime','Psychic','Fairy',40,45,65,100,120,90,_binary '\0',NULL),(123,'Scyther','Bug','Flying',70,110,80,55,80,105,_binary '\0',NULL),(124,'Jynx','Ice','Psychic',65,50,35,115,95,95,_binary '\0',NULL),(125,'Electabuzz','Electric','',65,83,57,95,85,105,_binary '\0',NULL),(126,'Magmar','Fire','',65,95,57,100,85,93,_binary '\0',NULL),(127,'Pinsir','Bug','',65,125,100,55,70,85,_binary '\0',NULL),(128,'Tauros','Normal','',75,100,95,40,70,110,_binary '\0',NULL),(129,'Magikarp','Water','',20,10,55,15,20,80,_binary '\0',NULL),(130,'Gyarados','Water','Flying',95,125,79,60,100,81,_binary '\0',NULL),(131,'Lapras','Water','Ice',130,85,80,85,95,60,_binary '\0',NULL),(132,'Ditto','Normal','',48,48,48,48,48,48,_binary '\0',NULL),(133,'Eevee','Normal','',55,55,50,45,65,55,_binary '\0',NULL),(134,'Vaporeon','Water','',130,65,60,110,95,65,_binary '\0',NULL),(135,'Jolteon','Electric','',65,65,60,110,95,130,_binary '\0',NULL),(136,'Flareon','Fire','',65,130,60,95,110,65,_binary '\0',NULL),(137,'Porygon','Normal','',65,60,70,85,75,40,_binary '\0',NULL),(138,'Omanyte','Rock','Water',35,40,100,90,55,35,_binary '\0',NULL),(139,'Omastar','Rock','Water',70,60,125,115,70,55,_binary '\0',NULL),(140,'Kabuto','Rock','Water',30,80,90,55,45,55,_binary '\0',NULL),(141,'Kabutops','Rock','Water',60,115,105,65,70,80,_binary '\0',NULL),(142,'Aerodactyl','Rock','Flying',80,105,65,60,75,130,_binary '\0',NULL),(143,'Snorlax','Normal','',160,110,65,65,110,30,_binary '\0',NULL),(144,'Articuno','Ice','Flying',90,85,100,95,125,85,_binary '',NULL),(145,'Zapdos','Electric','Flying',90,90,85,125,90,100,_binary '',NULL),(146,'Moltres','Fire','Flying',90,100,90,125,85,90,_binary '',NULL),(147,'Dratini','Dragon','',41,64,45,50,50,50,_binary '\0',NULL),(148,'Dragonair','Dragon','',61,84,65,70,70,70,_binary '\0',NULL),(149,'Dragonite','Dragon','Flying',91,134,95,100,100,80,_binary '\0',NULL),(150,'Mewtwo','Psychic','',106,110,90,154,90,130,_binary '',NULL),(151,'Mew','Psychic','',100,100,100,100,100,100,_binary '\0',NULL),(152,'Chikorita','Grass','',45,49,65,49,65,45,_binary '\0',NULL),(153,'Bayleef','Grass','',60,62,80,63,80,60,_binary '\0',NULL),(154,'Maganium','Grass','',80,82,100,83,100,80,_binary '\0',NULL),(155,'Cyndaquil','Fire','',39,52,43,60,50,65,_binary '\0',NULL),(156,'Quilava','Fire','',58,64,58,80,65,80,_binary '\0',NULL),(157,'Typhlosion','Fire','',78,84,78,109,85,100,_binary '\0',NULL),(158,'Totodile','Water','',50,65,64,44,48,43,_binary '\0',NULL),(159,'Croconaw','Water','',65,80,80,59,63,58,_binary '\0',NULL),(160,'Feraligatr','Water','',85,105,100,79,83,78,_binary '\0',NULL),(161,'Sentret','Normal','',35,46,34,35,45,20,_binary '\0',NULL),(162,'Furret','Normal','',85,76,64,45,55,90,_binary '\0',NULL),(163,'Hoothoot','Normal','Flying',60,30,30,36,56,50,_binary '\0',NULL),(164,'Noctowl','Normal','Flying',100,50,50,76,96,70,_binary '\0',NULL),(165,'Ledyba','Bug','Flying',40,20,30,40,80,55,_binary '\0',NULL),(166,'Ledian','Bug','Flying',55,35,50,55,110,85,_binary '\0',NULL),(167,'Spinarak','Bug','Poison',40,60,40,40,40,30,_binary '\0',NULL),(168,'Ariados','Bug','Poison',70,90,70,60,60,40,_binary '\0',NULL),(169,'Crobat','Poison','Flying',85,90,80,70,80,130,_binary '\0',NULL),(170,'Chinchou','Water','Electric',75,38,38,56,56,67,_binary '\0',NULL),(171,'Lanturn','Water','Electric',125,58,58,76,76,67,_binary '\0',NULL),(172,'Pichu','Electric','',20,40,15,35,35,60,_binary '\0',NULL),(173,'Cleffa','Fairy','',50,25,28,45,55,15,_binary '\0',NULL),(174,'Igglybuff','Normal','Fairy',90,30,15,40,20,15,_binary '\0',NULL),(175,'Togepi','Fairy','',35,20,65,40,65,20,_binary '\0',NULL),(176,'Togetic','Fairy','Flying',55,40,85,80,105,40,_binary '\0',NULL),(177,'Natu','Psychic','Flying',40,50,45,70,45,70,_binary '\0',NULL),(178,'Xatu','Psychic','Flying',65,75,70,95,70,95,_binary '\0',NULL),(179,'Mareep','Electric','',55,40,40,65,45,35,_binary '\0',NULL),(180,'Flaaffy','Electric','',70,55,55,80,60,45,_binary '\0',NULL),(181,'Ampharos','Electric','',90,75,85,115,90,55,_binary '\0',NULL),(182,'Bellossom','Grass','',75,80,95,90,100,50,_binary '\0',NULL),(183,'Marill','Water','Fairy',70,20,50,20,50,40,_binary '\0',NULL),(184,'Azumarill','Water','Fairy',100,50,80,60,80,50,_binary '\0',NULL),(185,'Sudowoodo','Rock','',70,100,115,30,65,30,_binary '\0',NULL),(186,'Politoed','Water','',90,75,75,90,100,70,_binary '\0',NULL),(187,'Hoppip','Grass','Flying',35,35,40,35,55,50,_binary '\0',NULL),(188,'Skiploom','Grass','Flying',55,45,50,45,65,80,_binary '\0',NULL),(189,'Jumpluff','Grass','Flying',75,55,70,55,95,110,_binary '\0',NULL),(190,'Aipom','Normal','',55,70,55,40,55,85,_binary '\0',NULL),(191,'Sunkern','Grass','',30,30,30,30,30,30,_binary '\0',NULL),(192,'Sunflora','Grass','',75,75,55,105,85,30,_binary '\0',NULL),(193,'Yanma','Bug','Flying',65,65,45,75,45,95,_binary '\0',NULL),(194,'Wooper','Water','Ground',55,45,45,25,25,15,_binary '\0',NULL),(195,'Quagsire','Water','Ground',95,85,85,65,65,35,_binary '\0',NULL),(196,'Espeon','Psychic','',65,65,60,130,95,110,_binary '\0',NULL),(197,'Umbreon','Dark','',95,65,110,60,130,65,_binary '\0',NULL),(198,'Murkrow','Dark','Flying',60,85,42,85,42,91,_binary '\0',NULL),(199,'Slowking','Water','Psychic',95,75,80,100,110,30,_binary '\0',NULL),(200,'Misdreavus','Ghost','',60,60,60,85,85,85,_binary '\0',NULL),(201,'Unown','Psychic','',48,72,48,72,48,48,_binary '\0',NULL),(202,'Wobbuffet','Psychic','',190,33,58,33,58,33,_binary '\0',NULL),(203,'Girafarig','Normal','Psychic',70,80,65,90,65,85,_binary '\0',NULL),(204,'Pineco','Bug','',50,65,90,35,35,15,_binary '\0',NULL),(205,'Forretress','Bug','Steel',75,90,140,60,60,40,_binary '\0',NULL),(206,'Dunsparce','Normal','',100,70,70,65,65,45,_binary '\0',NULL),(207,'Gligar','Ground','Flying',65,75,105,35,65,85,_binary '\0',NULL),(208,'Steelix','Steel','Ground',75,85,200,55,65,30,_binary '\0',NULL),(209,'Snubbull','Fairy','',60,80,50,40,40,30,_binary '\0',NULL),(210,'Granbull','Fairy','',90,120,75,60,60,45,_binary '\0',NULL),(211,'Qwilfish','Water','Poison',65,95,75,55,55,85,_binary '\0',NULL),(212,'Scizor','Bug','Steel',70,130,100,55,80,65,_binary '\0',NULL),(213,'Shuckle','Bug','Rock',20,10,230,10,230,5,_binary '\0',NULL),(214,'Heracross','Bug','Fighting',80,125,75,40,95,85,_binary '\0',NULL),(215,'Sneasel','Dark','Ice',55,95,55,35,75,115,_binary '\0',NULL),(216,'Teddiursa','Normal','',60,80,50,50,50,40,_binary '\0',NULL),(217,'Ursaring','Normal','',90,130,75,75,75,55,_binary '\0',NULL),(218,'Slugma','Fire','',40,40,40,70,40,20,_binary '\0',NULL),(219,'Magcargo','Fire','Rock',50,50,120,80,80,30,_binary '\0',NULL),(220,'Swinub','Ice','Ground',50,50,40,30,30,50,_binary '\0',NULL),(221,'Piloswine','Ice','Ground',100,100,80,60,60,50,_binary '\0',NULL),(222,'Corsola','Water','Rock',55,55,85,65,85,35,_binary '\0',NULL),(223,'Remoraid','Water','',35,65,35,65,35,65,_binary '\0',NULL),(224,'Octillery','Water','',75,105,75,105,75,45,_binary '\0',NULL),(225,'Delibird','Ice','Flying',45,55,45,65,45,75,_binary '\0',NULL),(226,'Mantine','Water','Flying',65,40,70,80,140,70,_binary '\0',NULL),(227,'Skarmory','Steel','Flying',65,80,140,40,70,70,_binary '\0',NULL),(228,'Houndour','Dark','Fire',45,60,30,80,50,65,_binary '\0',NULL),(229,'Houndoom','Dark','Fire',75,90,50,110,80,95,_binary '\0',NULL),(230,'Kingdra','Water','Dragon',75,95,95,95,95,85,_binary '\0',NULL),(231,'Phanpy','Ground','',90,60,60,40,40,40,_binary '\0',NULL),(232,'Donphan','Ground','',90,120,120,60,60,50,_binary '\0',NULL),(233,'Porygon2','Normal','',85,80,90,105,95,60,_binary '\0',NULL),(234,'Stantler','Normal','',73,95,62,85,65,85,_binary '\0',NULL),(235,'Smeargle','Normal','',55,20,35,20,45,75,_binary '\0',NULL),(236,'Tyrogue','Fighting','',35,35,35,35,35,35,_binary '\0',NULL),(237,'Hitmontop','Fighting','',50,95,95,35,110,70,_binary '\0',NULL),(238,'Smoochum','Ice','Psychic',45,30,15,85,65,65,_binary '\0',NULL),(239,'Elekid','Electric','',45,63,37,65,55,95,_binary '\0',NULL),(240,'Magby','Fire','',45,75,37,70,55,83,_binary '\0',NULL),(241,'Miltank','Normal','',95,80,105,40,70,100,_binary '\0',NULL),(242,'Blissey','Normal','',255,10,10,75,135,55,_binary '\0',NULL),(243,'Raikou','Electric','',90,85,75,115,100,115,_binary '',NULL),(244,'Entei','Fire','',115,115,85,90,75,100,_binary '',NULL),(245,'Suicune','Water','',100,75,115,90,115,85,_binary '',NULL),(246,'Larvitar','Rock','Ground',50,64,50,45,50,41,_binary '\0',NULL),(247,'Pupitar','Rock','Ground',70,84,70,65,70,51,_binary '\0',NULL),(248,'Tyranitar','Rock','Dark',100,134,110,95,100,61,_binary '\0',NULL),(249,'Lugia','Psychic','Flying',106,90,130,90,154,110,_binary '',NULL),(250,'Ho-oh','Fire','Flying',106,130,90,110,154,90,_binary '',NULL),(251,'Celebi','Psychic','Grass',100,100,100,100,100,100,_binary '\0',NULL),(252,'Treecko','Grass','',40,45,35,65,55,70,_binary '\0',NULL),(253,'Grovyle','Grass','',50,65,45,85,65,95,_binary '\0',NULL),(254,'Sceptile','Grass','',70,85,65,105,85,120,_binary '\0',NULL),(255,'Torchic','Fire','',45,60,40,70,50,45,_binary '\0',NULL),(256,'Combusken','Fire','Fighting',60,85,60,85,60,55,_binary '\0',NULL),(257,'Blaziken','Fire','Fighting',80,120,70,110,70,80,_binary '\0',NULL),(258,'Mudkip','Water','',50,70,50,50,50,40,_binary '\0',NULL),(259,'Marshtomp','Water','Ground',70,85,70,60,70,50,_binary '\0',NULL),(260,'Swampert','Water','Ground',100,110,90,85,90,60,_binary '\0',NULL),(261,'Poochyena','Dark','',35,55,35,30,30,35,_binary '\0',NULL),(262,'Mightyena','Dark','',70,90,70,60,60,70,_binary '\0',NULL),(263,'Zigzagoon','Normal','',38,30,41,30,41,60,_binary '\0',NULL),(264,'Linoone','Normal','',78,70,61,50,61,100,_binary '\0',NULL),(265,'Wurmple','Bug','',45,45,35,20,30,20,_binary '\0',NULL),(266,'Silcoon','Bug','',50,35,55,25,25,15,_binary '\0',NULL),(267,'Beautifly','Bug','Flying',60,70,50,100,50,65,_binary '\0',NULL),(268,'Cascoon','Bug','',50,35,55,25,25,15,_binary '\0',NULL),(269,'Dustox','Bug','Poison',60,50,70,50,90,65,_binary '\0',NULL),(270,'Lotad','Water','Grass',40,30,30,40,50,30,_binary '\0',NULL),(271,'Lombre','Water','Grass',60,50,50,60,70,50,_binary '\0',NULL),(272,'Ludicolo','Water','Grass',80,70,70,90,100,70,_binary '\0',NULL),(273,'Seedot','Grass','',40,40,50,30,30,30,_binary '\0',NULL),(274,'Nuzleaf','Grass','Dark',70,70,40,60,40,60,_binary '\0',NULL),(275,'Shiftry','Grass','Dark',90,100,60,90,60,80,_binary '\0',NULL),(276,'Taillow','Normal','Flying',40,55,30,30,30,85,_binary '\0',NULL),(277,'Swellow','Normal','Flying',60,85,60,50,50,125,_binary '\0',NULL),(278,'Wingull','Water','Flying',40,30,30,55,30,85,_binary '\0',NULL),(279,'Pelipper','Water','Flying',60,50,100,85,70,65,_binary '\0',NULL),(280,'Ralts','Psychic','Fairy',28,25,25,45,35,40,_binary '\0',NULL),(281,'Kirlia','Psychic','Fairy',38,35,35,65,55,50,_binary '\0',NULL),(282,'Gardevoir','Psychic','Fairy',68,65,65,125,115,80,_binary '\0',NULL),(283,'Surskit','Bug','Water',40,30,32,50,52,65,_binary '\0',NULL),(284,'Masquerain','Bug','Flying',70,60,62,80,82,60,_binary '\0',NULL),(285,'Shroomish','Grass','',60,40,60,40,60,35,_binary '\0',NULL),(286,'Breloom','Grass','Fighting',60,130,80,60,60,70,_binary '\0',NULL),(287,'Slakoth','Normal','',60,60,60,35,35,30,_binary '\0',NULL),(288,'Vigoroth','Normal','',80,80,80,55,55,90,_binary '\0',NULL),(289,'Slaking','Normal','',150,160,100,95,65,100,_binary '\0',NULL),(290,'Nincada','Bug','Ground',31,45,90,30,30,40,_binary '\0',NULL),(291,'Ninjask','Bug','Flying',61,90,45,50,50,160,_binary '\0',NULL),(292,'Shedinja','Bug','Ghost',1,90,45,30,30,40,_binary '\0',NULL),(293,'Whismur','Normal','',64,51,23,51,23,28,_binary '\0',NULL),(294,'Loudred','Normal','',84,71,43,71,43,48,_binary '\0',NULL),(295,'Exploud','Normal','',104,91,63,91,73,68,_binary '\0',NULL),(296,'Makuhita','Fighting','',72,60,30,20,30,25,_binary '\0',NULL),(297,'Hariyama','Fighting','',144,120,60,40,60,50,_binary '\0',NULL),(298,'Azurill','Normal','Fairy',50,20,40,20,40,20,_binary '\0',NULL),(299,'Nosepass','Rock','',30,45,135,45,90,30,_binary '\0',NULL),(300,'Skitty','Normal','',50,45,45,35,35,50,_binary '\0',NULL),(301,'Delcatty','Normal','',70,65,65,55,55,70,_binary '\0',NULL),(302,'Sableye','Dark','Ghost',50,75,75,65,65,50,_binary '\0',NULL),(303,'Mawile','Steel','Fairy',50,85,85,55,55,50,_binary '\0',NULL),(304,'Aron','Steel','Rock',50,70,100,40,40,30,_binary '\0',NULL),(305,'Lairon','Steel','Rock',60,90,140,50,50,40,_binary '\0',NULL),(306,'Aggron','Steel','Rock',70,110,180,60,60,50,_binary '\0',NULL),(307,'Meditite','Fighting','Psychic',30,40,55,40,55,60,_binary '\0',NULL),(308,'Medicham','Fighting','Psychic',60,60,75,60,75,80,_binary '\0',NULL),(309,'Electrike','Electric','',40,45,40,65,40,65,_binary '\0',NULL),(310,'Manectric','Electric','',70,75,60,105,60,105,_binary '\0',NULL),(311,'Plusle','Electric','',60,50,40,85,75,95,_binary '\0',NULL),(312,'Minun','Electric','',60,40,50,75,85,95,_binary '\0',NULL),(313,'Volbeat','Bug','',65,73,55,47,75,85,_binary '\0',NULL),(314,'Illumise','Bug','',65,47,55,73,75,85,_binary '\0',NULL),(315,'Roselia','Grass','Poison',50,60,45,100,80,65,_binary '\0',NULL),(316,'Gulpin','Poison','',70,43,53,43,53,40,_binary '\0',NULL),(317,'Swalot','Poison','',100,73,83,73,83,55,_binary '\0',NULL),(318,'Carvanha','Water','Dark',45,90,20,65,20,65,_binary '\0',NULL),(319,'Sharpedo','Water','Dark',70,120,40,95,40,95,_binary '\0',NULL),(320,'Wailmer','Water','',130,70,35,70,35,60,_binary '\0',NULL),(321,'Wailord','Water','',170,90,45,90,45,60,_binary '\0',NULL),(322,'Numel','Fire','Ground',60,60,40,65,45,35,_binary '\0',NULL),(323,'Camerupt','Fire','Ground',70,100,70,105,75,40,_binary '\0',NULL),(324,'Torkoal','Fire','',70,85,140,85,70,20,_binary '\0',NULL),(325,'Spoink','Psychic','',60,25,35,70,80,60,_binary '\0',NULL),(326,'Grumpig','Psychic','',80,45,65,90,110,80,_binary '\0',NULL),(327,'Spinda','Normal','',60,60,60,60,60,60,_binary '\0',NULL),(328,'Trapinch','Ground','',45,100,45,45,45,10,_binary '\0',NULL),(329,'Vibrava','Ground','Dragon',50,70,50,50,50,70,_binary '\0',NULL),(330,'Flygon','Ground','Dragon',80,100,80,80,80,100,_binary '\0',NULL),(331,'Cacnea','Grass','',50,85,40,85,40,35,_binary '\0',NULL),(332,'Cacturne','Grass','Dark',70,115,60,115,60,55,_binary '\0',NULL),(333,'Swablu','Normal','Flying',45,40,60,40,75,50,_binary '\0',NULL),(334,'Altaria','Dragon','Flying',75,70,90,70,105,80,_binary '\0',NULL),(335,'Zangoose','Normal','',73,115,60,60,60,90,_binary '\0',NULL),(336,'Seviper','Poison','',73,100,60,100,60,65,_binary '\0',NULL),(337,'Lunatone','Rock','Psychic',70,55,65,95,85,70,_binary '\0',NULL),(338,'Solrock','Rock','Psychic',70,95,85,55,65,70,_binary '\0',NULL),(339,'Barboach','Water','Ground',50,48,43,46,41,60,_binary '\0',NULL),(340,'Whiscash','Water','Ground',110,78,73,76,71,60,_binary '\0',NULL),(341,'Corphish','Water','',43,80,65,50,35,35,_binary '\0',NULL),(342,'Crawdaunt','Water','Dark',63,120,85,90,55,55,_binary '\0',NULL),(343,'Baltoy','Ground','Psychic',40,40,55,40,70,55,_binary '\0',NULL),(344,'Claydol','Ground','Psychic',60,70,105,70,120,75,_binary '\0',NULL),(345,'Lileep','Rock','Grass',66,41,77,61,87,23,_binary '\0',NULL),(346,'Cradily','Rock','Grass',86,81,97,81,107,43,_binary '\0',NULL),(347,'Anorith','Rock','Bug',45,95,50,40,50,75,_binary '\0',NULL),(348,'Armaldo','Rock','Bug',75,125,100,70,80,45,_binary '\0',NULL),(349,'Feebas','Water','',20,15,20,10,55,80,_binary '\0',NULL),(350,'Milotic','Water','',95,60,79,100,125,81,_binary '\0',NULL),(351,'Castform','Normal','',70,70,70,70,70,70,_binary '\0',NULL),(352,'Kecleon','Normal','',60,90,70,60,120,40,_binary '\0',NULL),(353,'Shuppet','Ghost','',44,75,35,63,33,45,_binary '\0',NULL),(354,'Banette','Ghost','',64,115,65,83,63,65,_binary '\0',NULL),(355,'Duskull','Ghost','',20,40,90,30,90,25,_binary '\0',NULL),(356,'Dusclops','Ghost','',40,70,130,60,130,25,_binary '\0',NULL),(357,'Tropius','Grass','Flying',99,68,83,72,87,51,_binary '\0',NULL),(358,'Chimecho','Psychic','',65,50,70,95,80,65,_binary '\0',NULL),(359,'Absol','Dark','',65,130,60,75,60,75,_binary '\0',NULL),(360,'Wynaut','Psychic','',95,23,48,23,48,23,_binary '\0',NULL),(361,'Snorunt','Ice','',50,50,50,50,50,50,_binary '\0',NULL),(362,'Glalie','Ice','',80,80,80,80,80,80,_binary '\0',NULL),(363,'Spheal','Ice','Water',70,40,50,55,50,25,_binary '\0',NULL),(364,'Sealeo','Ice','Water',90,60,70,75,70,45,_binary '\0',NULL),(365,'Walrein','Ice','Water',110,80,90,95,90,65,_binary '\0',NULL),(366,'Clamperl','Water','',35,64,85,74,55,32,_binary '\0',NULL),(367,'Huntail','Water','',55,104,105,94,75,52,_binary '\0',NULL),(368,'Gorebyss','Water','',55,84,105,114,75,52,_binary '\0',NULL),(369,'Relicanth','Water','Rock',100,90,130,45,65,55,_binary '\0',NULL),(370,'Luvdisc','Water','',43,30,55,40,65,97,_binary '\0',NULL),(371,'Bagon','Dragon','',45,75,60,40,30,50,_binary '\0',NULL),(372,'Shelgon','Dragon','',65,95,100,60,50,50,_binary '\0',NULL),(373,'Salamence','Dragon','Flying',95,135,80,110,80,100,_binary '\0',NULL),(374,'Beldum','Steel','Psychic',40,55,80,35,60,30,_binary '\0',NULL),(375,'Metang','Steel','Psychic',60,75,100,55,80,50,_binary '\0',NULL),(376,'Metagross','Steel','Psychic',80,135,130,95,90,70,_binary '\0',NULL),(377,'Regirock','Rock','',80,100,200,50,100,50,_binary '',NULL),(378,'Regice','Ice','',80,50,100,100,200,50,_binary '',NULL),(379,'Registeel','Steel','',80,75,150,75,150,50,_binary '',NULL),(380,'Latias','Dragon','Psychic',80,80,90,110,130,110,_binary '',NULL),(381,'Latios','Dragon','Psychic',80,90,80,130,110,110,_binary '',NULL),(382,'Kyogre','Water','',100,100,90,150,140,90,_binary '',NULL),(383,'Groudon','Ground','',100,150,140,100,90,90,_binary '',NULL),(384,'Rayquaza','Dragon','Flying',105,150,90,150,90,95,_binary '',NULL),(385,'Jirachi','Steel','Psychic',100,100,100,100,100,100,_binary '',NULL),(386,'Deoxys','Psychic','',50,150,50,150,50,150,_binary '',NULL),(387,'Turtwig','Grass','',55,68,64,45,55,31,_binary '\0',NULL),(388,'Grotle','Grass','',75,89,85,55,65,36,_binary '\0',NULL),(389,'Torterra','Grass','Ground',95,109,105,75,85,56,_binary '\0',NULL),(390,'Chimchar','Fire','',44,58,44,58,44,61,_binary '\0',NULL),(391,'Monferno','Fire','Fighting',64,78,52,78,52,81,_binary '\0',NULL),(392,'Infernape','Fire','Fighting',76,104,71,104,71,108,_binary '\0',NULL),(393,'Piplup','Water','',53,51,53,61,56,40,_binary '\0',NULL),(394,'Prinplup','Water','',64,66,68,81,76,50,_binary '\0',NULL),(395,'Empoleon','Water','Steel',84,86,88,111,101,60,_binary '\0',NULL),(396,'Starly','Normal','Flying',40,55,30,30,30,60,_binary '\0',NULL),(397,'Staravia','Normal','Flying',55,75,50,40,40,80,_binary '\0',NULL),(398,'Staraptor','Normal','Flying',85,120,70,50,60,100,_binary '\0',NULL),(399,'Bidoof','Normal','',59,45,40,35,40,31,_binary '\0',NULL),(400,'Bibarel','Normal','Water',79,85,60,55,60,71,_binary '\0',NULL),(401,'Kricketot','Bug','',37,25,41,25,41,25,_binary '\0',NULL),(402,'Kricketune','Bug','',77,85,51,55,51,65,_binary '\0',NULL),(403,'Shinx','Electric','',45,65,34,40,34,45,_binary '\0',NULL),(404,'Luxio','Electric','',60,85,49,60,49,60,_binary '\0',NULL),(405,'Luxray','Electric','',80,120,79,95,79,70,_binary '\0',NULL),(406,'Budew','Grass','Poison',40,30,35,50,70,55,_binary '\0',NULL),(407,'Roserade','Grass','Poison',60,70,65,125,105,90,_binary '\0',NULL),(408,'Cranidos','Rock','',67,125,40,30,30,58,_binary '\0',NULL),(409,'Rampardos','Rock','',97,165,60,65,50,58,_binary '\0',NULL),(410,'Shieldon','Rock','Steel',30,42,118,42,88,30,_binary '\0',NULL),(411,'Bastiodon','Rock','Steel',60,52,168,47,138,30,_binary '\0',NULL),(412,'Burmy','Bug','',40,29,45,29,45,36,_binary '\0',NULL),(413,'Wormadam','Bug','Grass',60,59,85,79,105,36,_binary '\0',NULL),(414,'Mothim','Bug','Flying',70,94,50,94,50,66,_binary '\0',NULL),(415,'Combee','Bug','Flying',30,30,42,30,42,70,_binary '\0',NULL),(416,'Vespiquen','Bug','Flying',70,80,102,80,102,40,_binary '\0',NULL),(417,'Pachirisu','Electric','',60,45,70,45,90,95,_binary '\0',NULL),(418,'Buizel','Water','',55,65,35,60,30,85,_binary '\0',NULL),(419,'Floatzel','Water','',85,105,55,85,50,115,_binary '\0',NULL),(420,'Cherubi','Grass','',45,35,45,62,53,35,_binary '\0',NULL),(421,'Cherrim','Grass','',70,60,70,87,78,85,_binary '\0',NULL),(422,'Shellos','Water','',76,48,48,57,62,34,_binary '\0',NULL),(423,'Gastrodon','Water','Ground',111,83,68,92,82,39,_binary '\0',NULL),(424,'Ambipom','Normal','',75,100,66,60,66,115,_binary '\0',NULL),(425,'Drifloon','Ghost','Flying',90,50,34,60,44,70,_binary '\0',NULL),(426,'Drifblim','Ghost','Flying',150,80,44,90,54,80,_binary '\0',NULL),(427,'Buneary','Normal','',55,66,44,44,56,85,_binary '\0',NULL),(428,'Lopunny','Normal','',65,76,84,54,96,105,_binary '\0',NULL),(429,'Mismagius','Ghost','',60,60,60,105,105,105,_binary '\0',NULL),(430,'Honchkrow','Dark','Flying',100,125,52,105,52,71,_binary '\0',NULL),(431,'Glameow','Normal','',49,55,42,42,37,85,_binary '\0',NULL),(432,'Purugly','Normal','',71,82,64,64,59,112,_binary '\0',NULL),(433,'Chingling','Psychic','',45,30,50,65,50,45,_binary '\0',NULL),(434,'Stunky','Poison','Dark',63,63,47,41,41,74,_binary '\0',NULL),(435,'Skuntank','Poison','Dark',103,93,67,71,61,84,_binary '\0',NULL),(436,'Bronzor','Steel','Psychic',57,24,86,24,86,23,_binary '\0',NULL),(437,'Bronzong','Steel','Psychic',67,89,116,79,116,33,_binary '\0',NULL),(438,'Bonsly','Rock','',50,80,95,10,45,10,_binary '\0',NULL),(439,'Mime Jr.','Psychic','Fairy',20,25,45,70,90,60,_binary '\0',NULL),(440,'Happiny','Normal','',100,5,5,15,65,30,_binary '\0',NULL),(441,'Chatot','Normal','Flying',76,65,45,92,42,91,_binary '\0',NULL),(442,'Spiritomb','Ghost','Dark',50,92,108,92,108,35,_binary '\0',NULL),(443,'Gible','Dragon','Ground',58,70,45,40,45,42,_binary '\0',NULL),(444,'Gabite','Dragon','Ground',68,90,65,50,55,82,_binary '\0',NULL),(445,'Garchomp','Dragon','Ground',108,130,95,80,85,102,_binary '\0',NULL),(446,'Munchlax','Normal','',135,85,40,40,85,5,_binary '\0',NULL),(447,'Riolu','Fighting','',40,70,40,35,40,60,_binary '\0',NULL),(448,'Lucario','Fighting','Steel',70,110,70,115,70,90,_binary '\0',NULL),(449,'Hippopotas','Ground','',68,72,78,38,42,32,_binary '\0',NULL),(450,'Hippowdon','Ground','',108,112,118,68,72,47,_binary '\0',NULL),(451,'Skorupi','Poison','Bug',40,50,90,30,55,65,_binary '\0',NULL),(452,'Drapion','Poison','Dark',70,90,110,60,75,95,_binary '\0',NULL),(453,'Croagunk','Poison','Fighting',48,61,40,61,40,50,_binary '\0',NULL),(454,'Toxicroak','Poison','Fighting',83,106,65,86,65,85,_binary '\0',NULL),(455,'Carnivine','Grass','',74,100,72,90,72,46,_binary '\0',NULL),(456,'Finneon','Water','',49,49,56,49,61,66,_binary '\0',NULL),(457,'Lumineon','Water','',69,69,76,69,86,91,_binary '\0',NULL),(458,'Mantyke','Water','Flying',45,20,50,60,120,50,_binary '\0',NULL),(459,'Snover','Grass','Ice',60,62,50,62,60,40,_binary '\0',NULL),(460,'Abomasnow','Grass','Ice',90,92,75,92,85,60,_binary '\0',NULL),(461,'Weavile','Dark','Ice',70,120,65,45,85,125,_binary '\0',NULL),(462,'Magnezone','Electric','Steel',70,70,115,130,90,60,_binary '\0',NULL),(463,'Lickilicky','Normal','',110,85,95,80,95,50,_binary '\0',NULL),(464,'Rhyperior','Ground','Rock',115,140,130,55,55,40,_binary '\0',NULL),(465,'Tangrowth','Grass','',100,100,125,110,50,50,_binary '\0',NULL),(466,'Electivire','Electric','',75,123,67,95,85,95,_binary '\0',NULL),(467,'Magmortar','Fire','',75,95,67,125,95,83,_binary '\0',NULL),(468,'Togekiss','Fairy','Flying',85,50,95,120,115,80,_binary '\0',NULL),(469,'Yanmega','Bug','Flying',86,76,86,116,56,95,_binary '\0',NULL),(470,'Leafeon','Grass','',65,110,130,60,65,95,_binary '\0',NULL),(471,'Glaceon','Ice','',65,60,110,130,95,65,_binary '\0',NULL),(472,'Gliscor','Ground','Flying',75,95,125,45,75,95,_binary '\0',NULL),(473,'Mamoswine','Ice','Ground',110,130,80,70,60,80,_binary '\0',NULL),(474,'Porygon-Z','Normal','',85,80,70,135,75,90,_binary '\0',NULL),(475,'Gallade','Psychic','Fighting',68,125,65,65,115,80,_binary '\0',NULL),(476,'Probopass','Rock','Steel',60,55,145,75,150,40,_binary '\0',NULL),(477,'Dusknoir','Ghost','',45,100,135,65,135,45,_binary '\0',NULL),(478,'Froslass','Ice','Ghost',70,80,70,80,70,110,_binary '\0',NULL),(479,'Rotom','Electric','Ghost',50,50,77,95,77,91,_binary '\0',NULL),(480,'Rotom','Electric','Fire',50,65,107,105,107,86,_binary '\0',NULL),(481,'Uxie','Psychic','',75,75,130,75,130,95,_binary '',NULL),(482,'Mesprit','Psychic','',80,105,105,105,105,80,_binary '',NULL),(483,'Azelf','Psychic','',75,125,70,125,70,115,_binary '',NULL),(484,'Dialga','Steel','Dragon',100,120,120,150,100,90,_binary '',NULL),(485,'Palkia','Water','Dragon',90,120,100,150,120,100,_binary '',NULL),(486,'Heatran','Fire','Steel',91,90,106,130,106,77,_binary '',NULL),(487,'Regigigas','Normal','',110,160,110,80,110,100,_binary '',NULL),(488,'Giratina','Ghost','Dragon',150,100,120,100,120,90,_binary '',NULL),(489,'Cresselia','Psychic','',120,70,120,75,130,85,_binary '\0',NULL),(490,'Phione','Water','',80,80,80,80,80,80,_binary '\0',NULL),(491,'Manaphy','Water','',100,100,100,100,100,100,_binary '\0',NULL),(492,'Darkrai','Dark','',70,90,90,135,90,125,_binary '',NULL),(493,'Shaymin','Grass','',100,100,100,100,100,100,_binary '',NULL),(494,'Arceus','Normal','',120,120,120,120,120,120,_binary '',NULL),(495,'Victini','Psychic','Fire',100,100,100,100,100,100,_binary '',NULL),(496,'Snivy','Grass','',45,45,55,45,55,63,_binary '\0',NULL),(497,'Servine','Grass','',60,60,75,60,75,83,_binary '\0',NULL),(498,'Serperior','Grass','',75,75,95,75,95,113,_binary '\0',NULL),(499,'Tepig','Fire','',65,63,45,45,45,45,_binary '\0',NULL),(500,'Pignite','Fire','Fighting',90,93,55,70,55,55,_binary '\0',NULL),(501,'Emboar','Fire','Fighting',110,123,65,100,65,65,_binary '\0',NULL),(502,'Oshawott','Water','',55,55,45,63,45,45,_binary '\0',NULL),(503,'Dewott','Water','',75,75,60,83,60,60,_binary '\0',NULL),(504,'Samurott','Water','',95,100,85,108,70,70,_binary '\0',NULL),(505,'Patrat','Normal','',45,55,39,35,39,42,_binary '\0',NULL),(506,'Watchog','Normal','',60,85,69,60,69,77,_binary '\0',NULL),(507,'Lillipup','Normal','',45,60,45,25,45,55,_binary '\0',NULL),(508,'Herdier','Normal','',65,80,65,35,65,60,_binary '\0',NULL),(509,'Stoutland','Normal','',85,110,90,45,90,80,_binary '\0',NULL),(510,'Purrloin','Dark','',41,50,37,50,37,66,_binary '\0',NULL),(511,'Liepard','Dark','',64,88,50,88,50,106,_binary '\0',NULL),(512,'Pansage','Grass','',50,53,48,53,48,64,_binary '\0',NULL),(513,'Simisage','Grass','',75,98,63,98,63,101,_binary '\0',NULL),(514,'Pansear','Fire','',50,53,48,53,48,64,_binary '\0',NULL),(515,'Simisear','Fire','',75,98,63,98,63,101,_binary '\0',NULL),(516,'Panpour','Water','',50,53,48,53,48,64,_binary '\0',NULL),(517,'Simipour','Water','',75,98,63,98,63,101,_binary '\0',NULL),(518,'Munna','Psychic','',76,25,45,67,55,24,_binary '\0',NULL),(519,'Musharna','Psychic','',116,55,85,107,95,29,_binary '\0',NULL),(520,'Pidove','Normal','Flying',50,55,50,36,30,43,_binary '\0',NULL),(521,'Tranquill','Normal','Flying',62,77,62,50,42,65,_binary '\0',NULL),(522,'Unfezant','Normal','Flying',80,115,80,65,55,93,_binary '\0',NULL),(523,'Blitzle','Electric','',45,60,32,50,32,76,_binary '\0',NULL),(524,'Zebstrika','Electric','',75,100,63,80,63,116,_binary '\0',NULL),(525,'Roggenrola','Rock','',55,75,85,25,25,15,_binary '\0',NULL),(526,'Boldore','Rock','',70,105,105,50,40,20,_binary '\0',NULL),(527,'Gigalith','Rock','',85,135,130,60,80,25,_binary '\0',NULL),(528,'Woobat','Psychic','Flying',55,45,43,55,43,72,_binary '\0',NULL),(529,'Swoobat','Psychic','Flying',67,57,55,77,55,114,_binary '\0',NULL),(530,'Drilbur','Ground','',60,85,40,30,45,68,_binary '\0',NULL),(531,'Excadrill','Ground','Steel',110,135,60,50,65,88,_binary '\0',NULL),(532,'Audino','Normal','',103,60,86,60,86,50,_binary '\0',NULL),(533,'Timburr','Fighting','',75,80,55,25,35,35,_binary '\0',NULL),(534,'Gurdurr','Fighting','',85,105,85,40,50,40,_binary '\0',NULL),(535,'Conkeldurr','Fighting','',105,140,95,55,65,45,_binary '\0',NULL),(536,'Tympole','Water','',50,50,40,50,40,64,_binary '\0',NULL),(537,'Palpitoad','Water','Ground',75,65,55,65,55,69,_binary '\0',NULL),(538,'Seismitoad','Water','Ground',105,95,75,85,75,74,_binary '\0',NULL),(539,'Throh','Fighting','',120,100,85,30,85,45,_binary '\0',NULL),(540,'Sawk','Fighting','',75,125,75,30,75,85,_binary '\0',NULL),(541,'Sewaddle','Bug','Grass',45,53,70,40,60,42,_binary '\0',NULL),(542,'Swadloon','Bug','Grass',55,63,90,50,80,42,_binary '\0',NULL),(543,'Leavanny','Bug','Grass',75,103,80,70,80,92,_binary '\0',NULL),(544,'Venipede','Bug','Poison',30,45,59,30,39,57,_binary '\0',NULL),(545,'Whirlipede','Bug','Poison',40,55,99,40,79,47,_binary '\0',NULL),(546,'Scolipede','Bug','Poison',60,100,89,55,69,112,_binary '\0',NULL),(547,'Cottonee','Grass','Fairy',40,27,60,37,50,66,_binary '\0',NULL),(548,'Whimsicott','Grass','Fairy',60,67,85,77,75,116,_binary '\0',NULL),(549,'Petilil','Grass','',45,35,50,70,50,30,_binary '\0',NULL),(550,'Lilligant','Grass','',70,60,75,110,75,90,_binary '\0',NULL),(551,'Basculin','Water','',70,92,65,80,55,98,_binary '\0',NULL),(552,'Sandile','Ground','Dark',50,72,35,35,35,65,_binary '\0',NULL),(553,'Krokorok','Ground','Dark',60,82,45,45,45,74,_binary '\0',NULL),(554,'Krookodile','Ground','Dark',95,117,80,65,70,92,_binary '\0',NULL),(555,'Darumaka','Fire','',70,90,45,15,45,50,_binary '\0',NULL),(556,'Darmanitan','Fire','',105,140,55,30,55,95,_binary '\0',NULL),(557,'Maractus','Grass','',75,86,67,106,67,60,_binary '\0',NULL),(558,'Dwebble','Bug','Rock',50,65,85,35,35,55,_binary '\0',NULL),(559,'Crustle','Bug','Rock',70,95,125,65,75,45,_binary '\0',NULL),(560,'Scraggy','Dark','Fighting',50,75,70,35,70,48,_binary '\0',NULL),(561,'Scrafty','Dark','Fighting',65,90,115,45,115,58,_binary '\0',NULL),(562,'Sigilyph','Psychic','Flying',72,58,80,103,80,97,_binary '\0',NULL),(563,'Yamask','Ghost','',38,30,85,55,65,30,_binary '\0',NULL),(564,'Cofagrigus','Ghost','',58,50,145,95,105,30,_binary '\0',NULL),(565,'Tirtouga','Water','Rock',54,78,103,53,45,22,_binary '\0',NULL),(566,'Carracosta','Water','Rock',74,108,133,83,65,32,_binary '\0',NULL),(567,'Archen','Rock','Flying',55,112,45,74,45,70,_binary '\0',NULL),(568,'Archeops','Rock','Flying',75,140,65,112,65,110,_binary '\0',NULL),(569,'Trubbish','Poison','',50,50,62,40,62,65,_binary '\0',NULL),(570,'Garbodor','Poison','',80,95,82,60,82,75,_binary '\0',NULL),(571,'Zorua','Dark','',40,65,40,80,40,65,_binary '\0',NULL),(572,'Zoroark','Dark','',60,105,60,120,60,105,_binary '\0',NULL),(573,'Minccino','Normal','',55,50,40,40,40,75,_binary '\0',NULL),(574,'Cinccino','Normal','',75,95,60,65,60,115,_binary '\0',NULL),(575,'Gothita','Psychic','',45,30,50,55,65,45,_binary '\0',NULL),(576,'Gothorita','Psychic','',60,45,70,75,85,55,_binary '\0',NULL),(577,'Gothitelle','Psychic','',70,55,95,95,110,65,_binary '\0',NULL),(578,'Solosis','Psychic','',45,30,40,105,50,20,_binary '\0',NULL),(579,'Duosion','Psychic','',65,40,50,125,60,30,_binary '\0',NULL),(580,'Reuniclus','Psychic','',110,65,75,125,85,30,_binary '\0',NULL),(581,'Ducklett','Water','Flying',62,44,50,44,50,55,_binary '\0',NULL),(582,'Swanna','Water','Flying',75,87,63,87,63,98,_binary '\0',NULL),(583,'Vanillite','Ice','',36,50,50,65,60,44,_binary '\0',NULL),(584,'Vanillish','Ice','',51,65,65,80,75,59,_binary '\0',NULL),(585,'Vanilluxe','Ice','',71,95,85,110,95,79,_binary '\0',NULL),(586,'Deerling','Normal','Grass',60,60,50,40,50,75,_binary '\0',NULL),(587,'Sawsbuck','Normal','Grass',80,100,70,60,70,95,_binary '\0',NULL),(588,'Emolga','Electric','Flying',55,75,60,75,60,103,_binary '\0',NULL),(589,'Karrablast','Bug','',50,75,45,40,45,60,_binary '\0',NULL),(590,'Escavalier','Bug','Steel',70,135,105,60,105,20,_binary '\0',NULL),(591,'Foongus','Grass','Poison',69,55,45,55,55,15,_binary '\0',NULL),(592,'Amoonguss','Grass','Poison',114,85,70,85,80,30,_binary '\0',NULL),(593,'Frillish','Water','Ghost',55,40,50,65,85,40,_binary '\0',NULL),(594,'Jellicent','Water','Ghost',100,60,70,85,105,60,_binary '\0',NULL),(595,'Alomomola','Water','',165,75,80,40,45,65,_binary '\0',NULL),(596,'Joltik','Bug','Electric',50,47,50,57,50,65,_binary '\0',NULL),(597,'Galvantula','Bug','Electric',70,77,60,97,60,108,_binary '\0',NULL),(598,'Ferroseed','Grass','Steel',44,50,91,24,86,10,_binary '\0',NULL),(599,'Ferrothorn','Grass','Steel',74,94,131,54,116,20,_binary '\0',NULL),(600,'Klink','Steel','',40,55,70,45,60,30,_binary '\0',NULL),(601,'Klang','Steel','',60,80,95,70,85,50,_binary '\0',NULL),(602,'Klinklang','Steel','',60,100,115,70,85,90,_binary '\0',NULL),(603,'Tynamo','Electric','',35,55,40,45,40,60,_binary '\0',NULL),(604,'Eelektrik','Electric','',65,85,70,75,70,40,_binary '\0',NULL),(605,'Eelektross','Electric','',85,115,80,105,80,50,_binary '\0',NULL),(606,'Elgyem','Psychic','',55,55,55,85,55,30,_binary '\0',NULL),(607,'Beheeyem','Psychic','',75,75,75,125,95,40,_binary '\0',NULL),(608,'Litwick','Ghost','Fire',50,30,55,65,55,20,_binary '\0',NULL),(609,'Lampent','Ghost','Fire',60,40,60,95,60,55,_binary '\0',NULL),(610,'Chandelure','Ghost','Fire',60,55,90,145,90,80,_binary '\0',NULL),(611,'Axew','Dragon','',46,87,60,30,40,57,_binary '\0',NULL),(612,'Fraxure','Dragon','',66,117,70,40,50,67,_binary '\0',NULL),(613,'Haxorus','Dragon','',76,147,90,60,70,97,_binary '\0',NULL),(614,'Cubchoo','Ice','',55,70,40,60,40,40,_binary '\0',NULL),(615,'Beartic','Ice','',95,110,80,70,80,50,_binary '\0',NULL),(616,'Cryogonal','Ice','',70,50,30,95,135,105,_binary '\0',NULL),(617,'Shelmet','Bug','',50,40,85,40,65,25,_binary '\0',NULL),(618,'Accelgor','Bug','',80,70,40,100,60,145,_binary '\0',NULL),(619,'Stunfisk','Ground','Electric',109,66,84,81,99,32,_binary '\0',NULL),(620,'Mienfoo','Fighting','',45,85,50,55,50,65,_binary '\0',NULL),(621,'Mienshao','Fighting','',65,125,60,95,60,105,_binary '\0',NULL),(622,'Druddigon','Dragon','',77,120,90,60,90,48,_binary '\0',NULL),(623,'Golett','Ground','Ghost',59,74,50,35,50,35,_binary '\0',NULL),(624,'Golurk','Ground','Ghost',89,124,80,55,80,55,_binary '\0',NULL),(625,'Pawniard','Dark','Steel',45,85,70,40,40,60,_binary '\0',NULL),(626,'Bisharp','Dark','Steel',65,125,100,60,70,70,_binary '\0',NULL),(627,'Bouffalant','Normal','',95,110,95,40,95,55,_binary '\0',NULL),(628,'Rufflet','Normal','Flying',70,83,50,37,50,60,_binary '\0',NULL),(629,'Braviary','Normal','Flying',100,123,75,57,75,80,_binary '\0',NULL),(630,'Vullaby','Dark','Flying',70,55,75,45,65,60,_binary '\0',NULL),(631,'Mandibuzz','Dark','Flying',110,65,105,55,95,80,_binary '\0',NULL),(632,'Heatmor','Fire','',85,97,66,105,66,65,_binary '\0',NULL),(633,'Durant','Bug','Steel',58,109,112,48,48,109,_binary '\0',NULL),(634,'Deino','Dark','Dragon',52,65,50,45,50,38,_binary '\0',NULL),(635,'Zweilous','Dark','Dragon',72,85,70,65,70,58,_binary '\0',NULL),(636,'Hydreigon','Dark','Dragon',92,105,90,125,90,98,_binary '\0',NULL),(637,'Larvesta','Bug','Fire',55,85,55,50,55,60,_binary '\0',NULL),(638,'Volcarona','Bug','Fire',85,60,65,135,105,100,_binary '\0',NULL),(639,'Cobalion','Steel','Fighting',91,90,129,90,72,108,_binary '',NULL),(640,'Terrakion','Rock','Fighting',91,129,90,72,90,108,_binary '',NULL),(641,'Virizion','Grass','Fighting',91,90,72,90,129,108,_binary '',NULL),(642,'Tornadus','Flying','',79,115,70,125,80,111,_binary '',NULL),(643,'Thundurus','Electric','Flying',79,115,70,125,80,111,_binary '',NULL),(644,'Reshiram','Dragon','Fire',100,120,100,150,120,90,_binary '',NULL),(645,'Zekrom','Dragon','Electric',100,150,120,120,100,90,_binary '',NULL),(646,'Landorus','Ground','Flying',89,125,90,115,80,101,_binary '',NULL),(647,'Kyurem','Dragon','Ice',125,130,90,130,90,95,_binary '',NULL),(648,'Keldeo','Water','Fighting',91,72,90,129,90,108,_binary '\0',NULL),(649,'Genesect','Bug','Steel',71,120,95,120,95,99,_binary '\0',NULL),(650,'Chespin','Grass','',56,61,65,48,45,38,_binary '\0',NULL),(651,'Quilladin','Grass','',61,78,95,56,58,57,_binary '\0',NULL),(652,'Chesnaught','Grass','Fighting',88,107,122,74,75,64,_binary '\0',NULL),(653,'Fennekin','Fire','',40,45,40,62,60,60,_binary '\0',NULL),(654,'Braixen','Fire','',59,59,58,90,70,73,_binary '\0',NULL),(655,'Delphox','Fire','Psychic',75,69,72,114,100,104,_binary '\0',NULL),(656,'Froakie','Water','',41,56,40,62,44,71,_binary '\0',NULL),(657,'Frogadier','Water','',54,63,52,83,56,97,_binary '\0',NULL),(658,'Greninja','Water','Dark',72,95,67,103,71,122,_binary '\0',NULL),(659,'Bunnelby','Normal','',38,36,38,32,36,57,_binary '\0',NULL),(660,'Diggersby','Normal','Ground',85,56,77,50,77,78,_binary '\0',NULL),(661,'Fletchling','Normal','Flying',45,50,43,40,38,62,_binary '\0',NULL),(662,'Fletchinder','Fire','Flying',62,73,55,56,52,84,_binary '\0',NULL),(663,'Talonflame','Fire','Flying',78,81,71,74,69,126,_binary '\0',NULL),(664,'Scatterbug','Bug','',38,35,40,27,25,35,_binary '\0',NULL),(665,'Spewpa','Bug','',45,22,60,27,30,29,_binary '\0',NULL),(666,'Vivillon','Bug','Flying',80,52,50,90,50,89,_binary '\0',NULL),(667,'Litleo','Fire','Normal',62,50,58,73,54,72,_binary '\0',NULL),(668,'Pyroar','Fire','Normal',86,68,72,109,66,106,_binary '\0',NULL),(669,'Flabébé','Fairy','',44,38,39,61,79,42,_binary '\0',NULL),(670,'Floette','Fairy','',54,45,47,75,98,52,_binary '\0',NULL),(671,'Florges','Fairy','',78,65,68,112,154,75,_binary '\0',NULL),(672,'Skiddo','Grass','',66,65,48,62,57,52,_binary '\0',NULL),(673,'Gogoat','Grass','',123,100,62,97,81,68,_binary '\0',NULL),(674,'Pancham','Fighting','',67,82,62,46,48,43,_binary '\0',NULL),(675,'Pangoro','Fighting','Dark',95,124,78,69,71,58,_binary '\0',NULL),(676,'Furfrou','Normal','',75,80,60,65,90,102,_binary '\0',NULL),(677,'Espurr','Psychic','',62,48,54,63,60,68,_binary '\0',NULL),(678,'Meowstic','Psychic','',74,48,76,83,81,104,_binary '\0',NULL),(679,'Honedge','Steel','Ghost',45,80,100,35,37,28,_binary '\0',NULL),(680,'Doublade','Steel','Ghost',59,110,150,45,49,35,_binary '\0',NULL),(681,'Aegislash','Steel','Ghost',60,150,50,150,50,60,_binary '\0',NULL),(682,'Spritzee','Fairy','',78,52,60,63,65,23,_binary '\0',NULL),(683,'Aromatisse','Fairy','',101,72,72,99,89,29,_binary '\0',NULL),(684,'Swirlix','Fairy','',62,48,66,59,57,49,_binary '\0',NULL),(685,'Slurpuff','Fairy','',82,80,86,85,75,72,_binary '\0',NULL),(686,'Inkay','Dark','Psychic',53,54,53,37,46,45,_binary '\0',NULL),(687,'Malamar','Dark','Psychic',86,92,88,68,75,73,_binary '\0',NULL),(688,'Binacle','Rock','Water',42,52,67,39,56,50,_binary '\0',NULL),(689,'Barbaracle','Rock','Water',72,105,115,54,86,68,_binary '\0',NULL),(690,'Skrelp','Poison','Water',50,60,60,60,60,30,_binary '\0',NULL),(691,'Dragalge','Poison','Dragon',65,75,90,97,123,44,_binary '\0',NULL),(692,'Clauncher','Water','',50,53,62,58,63,44,_binary '\0',NULL),(693,'Clawitzer','Water','',71,73,88,120,89,59,_binary '\0',NULL),(694,'Helioptile','Electric','Normal',44,38,33,61,43,70,_binary '\0',NULL),(695,'Heliolisk','Electric','Normal',62,55,52,109,94,109,_binary '\0',NULL),(696,'Tyrunt','Rock','Dragon',58,89,77,45,45,48,_binary '\0',NULL),(697,'Tyrantrum','Rock','Dragon',82,121,119,69,59,71,_binary '\0',NULL),(698,'Amaura','Rock','Ice',77,59,50,67,63,46,_binary '\0',NULL),(699,'Aurorus','Rock','Ice',123,77,72,99,92,58,_binary '\0',NULL),(700,'Sylveon','Fairy','',95,65,65,110,130,60,_binary '\0',NULL),(701,'Hawlucha','Fighting','Flying',78,92,75,74,63,118,_binary '\0',NULL),(702,'Dedenne','Electric','Fairy',67,58,57,81,67,101,_binary '\0',NULL),(703,'Carbink','Rock','Fairy',50,50,150,50,150,50,_binary '\0',NULL),(704,'Goomy','Dragon','',45,50,35,55,75,40,_binary '\0',NULL),(705,'Sliggoo','Dragon','',68,75,53,83,113,60,_binary '\0',NULL),(706,'Goodra','Dragon','',90,100,70,110,150,80,_binary '\0',NULL),(707,'Klefki','Steel','Fairy',57,80,91,80,87,75,_binary '\0',NULL),(708,'Phantump','Ghost','Grass',43,70,48,50,60,38,_binary '\0',NULL),(709,'Trevenant','Ghost','Grass',85,110,76,65,82,56,_binary '\0',NULL),(710,'Pumpkaboo','Ghost','Grass',49,66,70,44,55,51,_binary '\0',NULL),(711,'Gourgeist','Ghost','Grass',65,90,122,58,75,84,_binary '\0',NULL),(712,'Bergmite','Ice','',55,69,85,32,35,28,_binary '\0',NULL),(713,'Avalugg','Ice','',95,117,184,44,46,28,_binary '\0',NULL),(714,'Noibat','Flying','Dragon',40,30,35,45,40,55,_binary '\0',NULL),(715,'Noivern','Flying','Dragon',85,70,80,97,80,123,_binary '\0',NULL),(716,'Xerneas','Fairy','',126,131,95,131,98,99,_binary '',NULL),(717,'Yveltal','Dark','Flying',126,131,95,131,98,99,_binary '',NULL),(718,'Zygarde','Dragon','Ground',108,100,121,81,95,95,_binary '',NULL),(719,'Diancie','Rock','Fairy',50,100,150,100,150,50,_binary '',NULL),(720,'Hoopa','Psychic','Ghost',80,110,60,150,130,70,_binary '',NULL),(721,'Volcanion','Fire','Water',80,110,120,130,90,70,_binary '',NULL);
/*!40000 ALTER TABLE `pokedex` ENABLE KEYS */;
UNLOCK TABLES;

--
-- Table structure for table `reply`
--

DROP TABLE IF EXISTS `reply`;
/*!40101 SET @saved_cs_client     = @@character_set_client */;
/*!50503 SET character_set_client = utf8mb4 */;
CREATE TABLE `reply` (
  `replyID` int NOT NULL AUTO_INCREMENT,
  `listingID` int NOT NULL,
  `instanceID` int NOT NULL,
  `respondantID` int NOT NULL,
  PRIMARY KEY (`replyID`)
) ENGINE=InnoDB DEFAULT CHARSET=utf8mb4 COLLATE=utf8mb4_0900_ai_ci;
/*!40101 SET character_set_client = @saved_cs_client */;

--
-- Dumping data for table `reply`
--

LOCK TABLES `reply` WRITE;
/*!40000 ALTER TABLE `reply` DISABLE KEYS */;
/*!40000 ALTER TABLE `reply` ENABLE KEYS */;
UNLOCK TABLES;

--
-- Table structure for table `trades`
--

DROP TABLE IF EXISTS `trades`;
/*!40101 SET @saved_cs_client     = @@character_set_client */;
/*!50503 SET character_set_client = utf8mb4 */;
CREATE TABLE `trades` (
  `tradeID` int NOT NULL AUTO_INCREMENT,
  `listingID` int NOT NULL,
  `replyID` int NOT NULL,
  PRIMARY KEY (`tradeID`),
  KEY `listingID` (`listingID`),
  KEY `replyID` (`replyID`),
  CONSTRAINT `trades_ibfk_1` FOREIGN KEY (`listingID`) REFERENCES `listing` (`listingID`),
  CONSTRAINT `trades_ibfk_2` FOREIGN KEY (`replyID`) REFERENCES `reply` (`replyID`)
) ENGINE=InnoDB DEFAULT CHARSET=utf8mb4 COLLATE=utf8mb4_0900_ai_ci;
/*!40101 SET character_set_client = @saved_cs_client */;

--
-- Dumping data for table `trades`
--

LOCK TABLES `trades` WRITE;
/*!40000 ALTER TABLE `trades` DISABLE KEYS */;
/*!40000 ALTER TABLE `trades` ENABLE KEYS */;
UNLOCK TABLES;

--
-- Table structure for table `typefx`
--

DROP TABLE IF EXISTS `typefx`;
/*!40101 SET @saved_cs_client     = @@character_set_client */;
/*!50503 SET character_set_client = utf8mb4 */;
CREATE TABLE `typefx` (
  `type1` varchar(10) NOT NULL,
  `type2` varchar(10) NOT NULL,
  `double_strength` bit(1) NOT NULL,
  `half_strength` bit(1) NOT NULL,
  `no_impact` bit(1) NOT NULL,
  PRIMARY KEY (`type1`,`type2`),
  KEY `type2` (`type2`),
  CONSTRAINT `typefx_ibfk_1` FOREIGN KEY (`type1`) REFERENCES `types` (`type`),
  CONSTRAINT `typefx_ibfk_2` FOREIGN KEY (`type2`) REFERENCES `types` (`type`),
  CONSTRAINT `typefx_chk_1` CHECK ((((`half_strength` + `double_strength`) + `no_impact`) = 1))
) ENGINE=InnoDB DEFAULT CHARSET=utf8mb4 COLLATE=utf8mb4_0900_ai_ci;
/*!40101 SET character_set_client = @saved_cs_client */;

--
-- Dumping data for table `typefx`
--

LOCK TABLES `typefx` WRITE;
/*!40000 ALTER TABLE `typefx` DISABLE KEYS */;
INSERT INTO `typefx` VALUES ('Bug','Dark',_binary '',_binary '\0',_binary '\0'),('Bug','Fairy',_binary '\0',_binary '',_binary '\0'),('Bug','Fighting',_binary '\0',_binary '',_binary '\0'),('Bug','Fire',_binary '\0',_binary '',_binary '\0'),('Bug','Flying',_binary '\0',_binary '',_binary '\0'),('Bug','Ghost',_binary '\0',_binary '',_binary '\0'),('Bug','Grass',_binary '',_binary '\0',_binary '\0'),('Bug','Poison',_binary '\0',_binary '',_binary '\0'),('Bug','Psychic',_binary '',_binary '\0',_binary '\0'),('Bug','Steel',_binary '\0',_binary '',_binary '\0'),('Dark','Dark',_binary '\0',_binary '',_binary '\0'),('Dark','Fairy',_binary '\0',_binary '',_binary '\0'),('Dark','Fighting',_binary '\0',_binary '',_binary '\0'),('Dark','Ghost',_binary '',_binary '\0',_binary '\0'),('Dark','Psychic',_binary '',_binary '\0',_binary '\0'),('Dragon','Dragon',_binary '',_binary '\0',_binary '\0'),('Dragon','Fairy',_binary '\0',_binary '\0',_binary ''),('Dragon','Steel',_binary '\0',_binary '',_binary '\0'),('Electric','Dragon',_binary '\0',_binary '',_binary '\0'),('Electric','Electric',_binary '\0',_binary '',_binary '\0'),('Electric','Flying',_binary '',_binary '\0',_binary '\0'),('Electric','Grass',_binary '\0',_binary '',_binary '\0'),('Electric','Ground',_binary '\0',_binary '\0',_binary ''),('Electric','Water',_binary '',_binary '\0',_binary '\0'),('Fairy','Dark',_binary '',_binary '\0',_binary '\0'),('Fairy','Dragon',_binary '',_binary '\0',_binary '\0'),('Fairy','Fighting',_binary '',_binary '\0',_binary '\0'),('Fairy','Fire',_binary '\0',_binary '',_binary '\0'),('Fairy','Poison',_binary '\0',_binary '',_binary '\0'),('Fairy','Steel',_binary '\0',_binary '',_binary '\0'),('Fighting','Bug',_binary '\0',_binary '',_binary '\0'),('Fighting','Dark',_binary '',_binary '\0',_binary '\0'),('Fighting','Fairy',_binary '\0',_binary '',_binary '\0'),('Fighting','Flying',_binary '\0',_binary '',_binary '\0'),('Fighting','Ghost',_binary '\0',_binary '\0',_binary ''),('Fighting','Ice',_binary '',_binary '\0',_binary '\0'),('Fighting','Normal',_binary '',_binary '\0',_binary '\0'),('Fighting','Poison',_binary '\0',_binary '',_binary '\0'),('Fighting','Psychic',_binary '\0',_binary '',_binary '\0'),('Fighting','Rock',_binary '',_binary '\0',_binary '\0'),('Fighting','Steel',_binary '',_binary '\0',_binary '\0'),('Fire','Bug',_binary '',_binary '\0',_binary '\0'),('Fire','Dragon',_binary '\0',_binary '',_binary '\0'),('Fire','Fire',_binary '\0',_binary '',_binary '\0'),('Fire','Grass',_binary '',_binary '\0',_binary '\0'),('Fire','Ice',_binary '',_binary '\0',_binary '\0'),('Fire','Rock',_binary '\0',_binary '',_binary '\0'),('Fire','Steel',_binary '',_binary '\0',_binary '\0'),('Fire','Water',_binary '\0',_binary '',_binary '\0'),('Flying','Bug',_binary '',_binary '\0',_binary '\0'),('Flying','Electric',_binary '\0',_binary '',_binary '\0'),('Flying','Fighting',_binary '',_binary '\0',_binary '\0'),('Flying','Grass',_binary '',_binary '\0',_binary '\0'),('Flying','Rock',_binary '\0',_binary '',_binary '\0'),('Flying','Steel',_binary '\0',_binary '',_binary '\0'),('Ghost','Dark',_binary '\0',_binary '',_binary '\0'),('Ghost','Ghost',_binary '',_binary '\0',_binary '\0'),('Ghost','Normal',_binary '\0',_binary '\0',_binary ''),('Ghost','Psychic',_binary '\0',_binary '\0',_binary ''),('Grass','Bug',_binary '\0',_binary '',_binary '\0'),('Grass','Dragon',_binary '\0',_binary '',_binary '\0'),('Grass','Fire',_binary '\0',_binary '',_binary '\0'),('Grass','Flying',_binary '\0',_binary '',_binary '\0'),('Grass','Grass',_binary '\0',_binary '',_binary '\0'),('Grass','Ground',_binary '',_binary '\0',_binary '\0'),('Grass','Poison',_binary '\0',_binary '',_binary '\0'),('Grass','Rock',_binary '',_binary '\0',_binary '\0'),('Grass','Steel',_binary '\0',_binary '',_binary '\0'),('Grass','Water',_binary '',_binary '\0',_binary '\0'),('Ground','Bug',_binary '\0',_binary '',_binary '\0'),('Ground','Electric',_binary '',_binary '\0',_binary '\0'),('Ground','Fire',_binary '',_binary '\0',_binary '\0'),('Ground','Flying',_binary '\0',_binary '\0',_binary ''),('Ground','Grass',_binary '\0',_binary '',_binary '\0'),('Ground','Poison',_binary '',_binary '\0',_binary '\0'),('Ground','Rock',_binary '',_binary '\0',_binary '\0'),('Ground','Steel',_binary '',_binary '\0',_binary '\0'),('Ice','Dragon',_binary '',_binary '\0',_binary '\0'),('Ice','Flying',_binary '',_binary '\0',_binary '\0'),('Ice','Grass',_binary '',_binary '\0',_binary '\0'),('Ice','Ground',_binary '',_binary '\0',_binary '\0'),('Ice','Ice',_binary '\0',_binary '',_binary '\0'),('Ice','Steel',_binary '\0',_binary '',_binary '\0'),('Ice','Water',_binary '\0',_binary '',_binary '\0'),('Normal','Ghost',_binary '\0',_binary '\0',_binary ''),('Normal','Rock',_binary '\0',_binary '',_binary '\0'),('Normal','Steel',_binary '\0',_binary '',_binary '\0'),('Poison','Fairy',_binary '',_binary '\0',_binary '\0'),('Poison','Ghost',_binary '\0',_binary '',_binary '\0'),('Poison','Grass',_binary '',_binary '\0',_binary '\0'),('Poison','Ground',_binary '\0',_binary '',_binary '\0'),('Poison','Poison',_binary '\0',_binary '',_binary '\0'),('Poison','Rock',_binary '\0',_binary '',_binary '\0'),('Poison','Steel',_binary '\0',_binary '\0',_binary ''),('Psychic','Dark',_binary '\0',_binary '\0',_binary ''),('Psychic','Fighting',_binary '',_binary '\0',_binary '\0'),('Psychic','Poison',_binary '',_binary '\0',_binary '\0'),('Psychic','Psychic',_binary '\0',_binary '',_binary '\0'),('Psychic','Steel',_binary '\0',_binary '',_binary '\0'),('Rock','Bug',_binary '',_binary '\0',_binary '\0'),('Rock','Fighting',_binary '\0',_binary '',_binary '\0'),('Rock','Fire',_binary '',_binary '\0',_binary '\0'),('Rock','Flying',_binary '',_binary '\0',_binary '\0'),('Rock','Ground',_binary '\0',_binary '',_binary '\0'),('Rock','Ice',_binary '',_binary '\0',_binary '\0'),('Rock','Steel',_binary '\0',_binary '',_binary '\0'),('Steel','Fairy',_binary '',_binary '\0',_binary '\0'),('Steel','Fire',_binary '\0',_binary '',_binary '\0'),('Steel','Ice',_binary '',_binary '\0',_binary '\0'),('Steel','Psychic',_binary '\0',_binary '',_binary '\0'),('Steel','Rock',_binary '',_binary '\0',_binary '\0'),('Steel','Steel',_binary '\0',_binary '',_binary '\0'),('Steel','Water',_binary '\0',_binary '',_binary '\0'),('Water','Dragon',_binary '\0',_binary '',_binary '\0'),('Water','Fire',_binary '',_binary '\0',_binary '\0'),('Water','Grass',_binary '\0',_binary '',_binary '\0'),('Water','Ground',_binary '',_binary '\0',_binary '\0'),('Water','Rock',_binary '',_binary '\0',_binary '\0'),('Water','Water',_binary '\0',_binary '',_binary '\0');
/*!40000 ALTER TABLE `typefx` ENABLE KEYS */;
UNLOCK TABLES;

--
-- Table structure for table `types`
--

DROP TABLE IF EXISTS `types`;
/*!40101 SET @saved_cs_client     = @@character_set_client */;
/*!50503 SET character_set_client = utf8mb4 */;
CREATE TABLE `types` (
  `type` varchar(10) NOT NULL,
  PRIMARY KEY (`type`)
) ENGINE=InnoDB DEFAULT CHARSET=utf8mb4 COLLATE=utf8mb4_0900_ai_ci;
/*!40101 SET character_set_client = @saved_cs_client */;

--
-- Dumping data for table `types`
--

LOCK TABLES `types` WRITE;
/*!40000 ALTER TABLE `types` DISABLE KEYS */;
INSERT INTO `types` VALUES ('Bug'),('Dark'),('Dragon'),('Electric'),('Fairy'),('Fighting'),('Fire'),('Flying'),('Ghost'),('Grass'),('Ground'),('Ice'),('Normal'),('Poison'),('Psychic'),('Rock'),('Steel'),('Water');
/*!40000 ALTER TABLE `types` ENABLE KEYS */;
UNLOCK TABLES;

--
-- Table structure for table `user`
--

DROP TABLE IF EXISTS `user`;
/*!40101 SET @saved_cs_client     = @@character_set_client */;
/*!50503 SET character_set_client = utf8mb4 */;
CREATE TABLE `user` (
  `uID` int NOT NULL AUTO_INCREMENT,
  `name` varchar(40) NOT NULL,
  `tradeCount` int NOT NULL,
  `username` varchar(30) NOT NULL,
  `password` varchar(20) NOT NULL,
  PRIMARY KEY (`uID`),
  UNIQUE KEY `username` (`username`),
  UNIQUE KEY `password` (`password`),
  CONSTRAINT `user_chk_1` CHECK (((length(`password`) > 7) and regexp_like(`password`,_utf8mb4'[0-9]') and regexp_like(`password`,_utf8mb4'[a-z]') and regexp_like(`password`,_utf8mb4'[A-Z]') and regexp_like(`password`,_utf8mb4'[^a-zA-Z0-9]')))
) ENGINE=InnoDB AUTO_INCREMENT=101 DEFAULT CHARSET=utf8mb4 COLLATE=utf8mb4_0900_ai_ci;
/*!40101 SET character_set_client = @saved_cs_client */;

--
-- Dumping data for table `user`
--

LOCK TABLES `user` WRITE;
/*!40000 ALTER TABLE `user` DISABLE KEYS */;
INSERT INTO `user` VALUES (1,'Name1',0,'User1','Pa$$word1'),(2,'Name2',0,'User2','Pa$$word2'),(3,'Name3',0,'User3','Pa$$word3'),(4,'Tyne',0,'User4','Pa$$word4'),(5,'Name5',0,'User5','Pa$$word5'),(6,'Name6',0,'User6','Pa$$word6'),(7,'Name7',0,'User7','Pa$$word7'),(8,'Name8',0,'User8','Pa$$word8'),(9,'Name9',0,'User9','Pa$$word9'),(10,'Name10',0,'User10','Pa$$word10'),(11,'Name11',0,'User11','Pa$$word11'),(12,'Name12',0,'User12','Pa$$word12'),(13,'Name13',0,'User13','Pa$$word13'),(14,'Name14',0,'User14','Pa$$word14'),(15,'Name15',0,'User15','Pa$$word15'),(16,'Name16',0,'User16','Pa$$word16'),(17,'Name17',0,'User17','Pa$$word17'),(18,'Name18',0,'User18','Pa$$word18'),(19,'Name19',0,'User19','Pa$$word19'),(20,'Name20',0,'User20','Pa$$word20'),(21,'Name21',0,'User21','Pa$$word21'),(22,'Name22',0,'User22','Pa$$word22'),(23,'Name23',0,'User23','Pa$$word23'),(24,'Name24',0,'User24','Pa$$word24'),(25,'Name25',0,'User25','Pa$$word25'),(26,'Name26',0,'User26','Pa$$word26'),(27,'Name27',0,'User27','Pa$$word27'),(28,'Name28',0,'User28','Pa$$word28'),(29,'Name29',0,'User29','Pa$$word29'),(30,'Name30',0,'User30','Pa$$word30'),(31,'Name31',0,'User31','Pa$$word31'),(32,'Name32',0,'User32','Pa$$word32'),(33,'Name33',0,'User33','Pa$$word33'),(34,'Name34',0,'User34','Pa$$word34'),(35,'Name35',0,'User35','Pa$$word35'),(36,'Name36',0,'User36','Pa$$word36'),(37,'Name37',0,'User37','Pa$$word37'),(38,'Name38',0,'User38','Pa$$word38'),(39,'Name39',0,'User39','Pa$$word39'),(40,'Name40',0,'User40','Pa$$word40'),(41,'Name41',0,'User41','Pa$$word41'),(42,'Name42',0,'User42','Pa$$word42'),(43,'Name43',0,'User43','Pa$$word43'),(44,'Name44',0,'User44','Pa$$word44'),(45,'Name45',0,'User45','Pa$$word45'),(46,'Name46',0,'User46','Pa$$word46'),(47,'Name47',0,'User47','Pa$$word47'),(48,'Name48',0,'User48','Pa$$word48'),(49,'Name49',0,'User49','Pa$$word49'),(50,'Lola',0,'User50','Pa$$word50'),(51,'Name51',0,'User51','Pa$$word51'),(52,'Name52',0,'User52','Pa$$word52'),(53,'Name53',0,'User53','Pa$$word53'),(54,'Name54',0,'User54','Pa$$word54'),(55,'Name55',0,'User55','Pa$$word55'),(56,'Name56',0,'User56','Pa$$word56'),(57,'Name57',0,'User57','Pa$$word57'),(58,'Name58',0,'User58','Pa$$word58'),(59,'Name59',0,'User59','Pa$$word59'),(60,'Name60',0,'User60','Pa$$word60'),(61,'Name61',0,'User61','Pa$$word61'),(62,'Name62',0,'User62','Pa$$word62'),(63,'Name63',0,'User63','Pa$$word63'),(64,'Name64',0,'User64','Pa$$word64'),(65,'Name65',0,'User65','Pa$$word65'),(66,'Name66',0,'User66','Pa$$word66'),(67,'Name67',0,'User67','Pa$$word67'),(68,'Name68',0,'User68','Pa$$word68'),(69,'Name69',0,'User69','Pa$$word69'),(70,'Name70',0,'User70','Pa$$word70'),(71,'Name71',0,'User71','Pa$$word71'),(72,'Name72',0,'User72','Pa$$word72'),(73,'Name73',0,'User73','Pa$$word73'),(74,'Name74',0,'User74','Pa$$word74'),(75,'Name75',0,'User75','Pa$$word75'),(76,'Name76',0,'User76','Pa$$word76'),(77,'Name77',0,'User77','Pa$$word77'),(78,'Name78',0,'User78','Pa$$word78'),(79,'Name79',0,'User79','Pa$$word79'),(80,'Name80',0,'User80','Pa$$word80'),(81,'Name81',0,'User81','Pa$$word81'),(82,'Name82',0,'User82','Pa$$word82'),(83,'Name83',0,'User83','Pa$$word83'),(84,'Name84',0,'User84','Pa$$word84'),(85,'Name85',0,'User85','Pa$$word85'),(86,'Name86',0,'User86','Pa$$word86'),(87,'Name87',0,'User87','Pa$$word87'),(88,'Name88',0,'User88','Pa$$word88'),(89,'Name89',0,'User89','Pa$$word89'),(90,'Name90',0,'User90','Pa$$word90'),(91,'Name91',0,'User91','Pa$$word91'),(92,'Name92',0,'User92','Pa$$word92'),(93,'Name93',0,'User93','Pa$$word93'),(94,'Name94',0,'User94','Pa$$word94'),(95,'Name95',0,'User95','Pa$$word95'),(96,'Name96',0,'User96','Pa$$word96'),(97,'Name97',0,'User97','Pa$$word97'),(98,'Name98',0,'User98','Pa$$word98'),(99,'Name99',0,'User99','Pa$$word99'),(100,'Name100',0,'User100','Pa$$word100');
/*!40000 ALTER TABLE `user` ENABLE KEYS */;
UNLOCK TABLES;

--
-- Dumping events for database 'pokedex'
--

--
-- Dumping routines for database 'pokedex'
--
/*!40103 SET TIME_ZONE=@OLD_TIME_ZONE */;

/*!40101 SET SQL_MODE=@OLD_SQL_MODE */;
/*!40014 SET FOREIGN_KEY_CHECKS=@OLD_FOREIGN_KEY_CHECKS */;
/*!40014 SET UNIQUE_CHECKS=@OLD_UNIQUE_CHECKS */;
/*!40101 SET CHARACTER_SET_CLIENT=@OLD_CHARACTER_SET_CLIENT */;
/*!40101 SET CHARACTER_SET_RESULTS=@OLD_CHARACTER_SET_RESULTS */;
/*!40101 SET COLLATION_CONNECTION=@OLD_COLLATION_CONNECTION */;
/*!40111 SET SQL_NOTES=@OLD_SQL_NOTES */;

-- Dump completed on 2025-07-14 20:51:21